SDSM-2V8	M	radiant/broad/Human-WGS-CRAM-34/RADIANT_Set039_13samples_CRAM/135117-3540352174_PM24-01882-A_SM-OIO7Y_SDSM-2V8.cram
SDSM-2XI7	F	radiant/broad/Human-WGS-CRAM-36/RADIANT_Set041_32samples_CRAM/135738-0056819302_PM24-02018-A_SM-P51Z3_SDSM-2XI7.cram
SDSM-2XI8	M	radiant/broad/Human-WGS-CRAM-36/RADIANT_Set041_32samples_CRAM/135995-0056567702_PM24-02019-A_SM-P51Z4_SDSM-2XI8.cram
SDSM-2XI9	F	radiant/broad/Human-WGS-CRAM-36/RADIANT_Set041_32samples_CRAM/134330-0057099502_PM24-02029-A_SM-P51Z5_SDSM-2XI9.cram
SDSM-2XIA	M	radiant/broad/Human-WGS-CRAM-36/RADIANT_Set041_32samples_CRAM/135805-0057193402_PM24-02030-A_SM-P51Z6_SDSM-2XIA.cram
SDSM-2XIB	F	radiant/broad/Human-WGS-CRAM-36/RADIANT_Set041_32samples_CRAM/135699-0057292002_PM24-02031-A_SM-P51Z7_SDSM-2XIB.cram
SDSM-2XIC	M	radiant/broad/Human-WGS-CRAM-36/RADIANT_Set041_32samples_CRAM/135762-0057305802_PM24-02032-A_SM-P51Z8_SDSM-2XIC.cram
SDSM-2XID	M	radiant/broad/Human-WGS-CRAM-36/RADIANT_Set041_32samples_CRAM/134504-0057061102_PM24-02033-A_SM-P51Z9_SDSM-2XID.cram
SDSM-2XIE	F	radiant/broad/Human-WGS-CRAM-36/RADIANT_Set041_32samples_CRAM/136064-0057176302_PM24-02034-A_SM-P51ZA_SDSM-2XIE.cram
SDSM-2XIF	F	radiant/broad/Human-WGS-CRAM-36/RADIANT_Set041_32samples_CRAM/135135-0057061002_PM24-02035-A_SM-P51ZB_SDSM-2XIF.cram
SDSM-2XIG	M	radiant/broad/Human-WGS-CRAM-36/RADIANT_Set041_32samples_CRAM/134521-0057616602_PM25-00034-A_SM-P51ZC_SDSM-2XIG.cram
SDSM-2XIH	F	radiant/broad/Human-WGS-CRAM-36/RADIANT_Set041_32samples_CRAM/135924-0057686802_PM25-00035-A_SM-P51ZD_SDSM-2XIH.cram
SDSM-2XII	F	radiant/broad/Human-WGS-CRAM-36/RADIANT_Set041_32samples_CRAM/135864-0057640402_PM25-00036-A_SM-P51ZE_SDSM-2XII.cram
SDSM-2XIJ	F	radiant/broad/Human-WGS-CRAM-36/RADIANT_Set041_32samples_CRAM/136145-0057718102_PM25-00037-A_SM-P51ZF_SDSM-2XIJ.cram
SDSM-2XIK	F	radiant/broad/Human-WGS-CRAM-36/RADIANT_Set041_32samples_CRAM/134631-0057826102_PM25-00038-A_SM-P51ZG_SDSM-2XIK.cram
SDSM-2XIL	F	radiant/broad/Human-WGS-CRAM-36/RADIANT_Set041_32samples_CRAM/135808-0057597502_PM25-00039-A_SM-P51ZH_SDSM-2XIL.cram
SDSM-2XIM	M	radiant/broad/Human-WGS-CRAM-36/RADIANT_Set041_32samples_CRAM/135843-0057492102_PM25-00040-A_SM-P51ZI_SDSM-2XIM.cram
SDSM-2XIN	M	radiant/broad/Human-WGS-CRAM-36/RADIANT_Set041_32samples_CRAM/136122-0057542202_PM25-00041-A_SM-P51ZJ_SDSM-2XIN.cram
SDSM-2YEF	F	radiant/broad/Human-WGS-CRAM-36/RADIANT_Set041_32samples_CRAM/135974-0057560202_PM25-00079-A_SM-P51ZN_SDSM-2YEF.cram
SDSM-2YEG	F	radiant/broad/Human-WGS-CRAM-36/RADIANT_Set041_32samples_CRAM/135976-0057874102_PM25-00080-A_SM-P51ZO_SDSM-2YEG.cram
SDSM-2YEH	F	radiant/broad/Human-WGS-CRAM-36/RADIANT_Set041_32samples_CRAM/135485-0057616502_PM25-00081-A_SM-P51ZP_SDSM-2YEH.cram
SDSM-2YEI	M	radiant/broad/Human-WGS-CRAM-36/RADIANT_Set041_32samples_CRAM/136125-0057442102_PM25-00082-A_SM-P51ZQ_SDSM-2YEI.cram
SDSM-2YEJ	F	radiant/broad/Human-WGS-CRAM-36/RADIANT_Set041_32samples_CRAM/136093-0057442302_PM25-00083-A_SM-P51ZR_SDSM-2YEJ.cram
SDSM-2YEK	F	radiant/broad/Human-WGS-CRAM-36/RADIANT_Set041_32samples_CRAM/135796-0057542002_PM25-00084-A_SM-P51ZS_SDSM-2YEK.cram
SDSM-2YEL	F	radiant/broad/Human-WGS-CRAM-36/RADIANT_Set041_32samples_CRAM/136094-0057560002_PM25-00085-A_SM-P51ZT_SDSM-2YEL.cram
SDSM-2YEM	F	radiant/broad/Human-WGS-CRAM-36/RADIANT_Set041_32samples_CRAM/136147-0057492302_PM25-00086-A_SM-P51ZU_SDSM-2YEM.cram
SDSM-2YEN	F	radiant/broad/Human-WGS-CRAM-36/RADIANT_Set041_32samples_CRAM/135916-0057640202_PM25-00087-A_SM-P51ZV_SDSM-2YEN.cram
SDSM-2YEO	M	radiant/broad/Human-WGS-CRAM-36/RADIANT_Set041_32samples_CRAM/135289-0055701602_PM24-01849-B_SM-P51ZW_SDSM-2YEO.cram
SDSM-2YEP	M	radiant/broad/Human-WGS-CRAM-36/RADIANT_Set041_32samples_CRAM/135676-0053846702_PM24-01051-B_SM-P51ZX_SDSM-2YEP.cram
SDSM-2YEQ	M	radiant/broad/Human-WGS-CRAM-36/RADIANT_Set041_32samples_CRAM/135687-0053849302_PM24-01052-B_SM-P51ZY_SDSM-2YEQ.cram
SDSM-2YWC	F	radiant/broad/Human-WGS-CRAM-37/RADIANT_Set042_38samples_CRAM/136164-0058303602_PM25-00101-A_SM-P51ZZ_SDSM-2YWC.cram
SDSM-2YWD	M	radiant/broad/Human-WGS-CRAM-37/RADIANT_Set042_38samples_CRAM/136096-0058133202_PM25-00102-A_SM-P5211_SDSM-2YWD.cram
SDSM-2YWE	M	radiant/broad/Human-WGS-CRAM-37/RADIANT_Set042_38samples_CRAM/136233-0058042402_PM25-00103-A_SM-P5212_SDSM-2YWE.cram
SDSM-2YWF	F	radiant/broad/Human-WGS-CRAM-37/RADIANT_Set042_38samples_CRAM/136088-0058042202_PM25-00104-A_SM-P5213_SDSM-2YWF.cram
SDSM-2YWG	M	radiant/broad/Human-WGS-CRAM-37/RADIANT_Set042_38samples_CRAM/136043-0058176402_PM25-00105-A_SM-P5214_SDSM-2YWG.cram
SDSM-2YWH	F	radiant/broad/Human-WGS-CRAM-37/RADIANT_Set042_38samples_CRAM/135560-0058083702_PM25-00106-A_SM-P5215_SDSM-2YWH.cram
SDSM-2YWI	M	radiant/broad/Human-WGS-CRAM-37/RADIANT_Set042_38samples_CRAM/135813-0058243502_PM25-00107-A_SM-P5216_SDSM-2YWI.cram
SDSM-2YWJ	F	radiant/broad/Human-WGS-CRAM-37/RADIANT_Set042_38samples_CRAM/136152-0058243402_PM25-00108-A_SM-P5217_SDSM-2YWJ.cram
SDSM-2YWK	M	radiant/broad/Human-WGS-CRAM-37/RADIANT_Set042_38samples_CRAM/134904-0058243702_PM25-00109-A_SM-P5218_SDSM-2YWK.cram
SDSM-2YWL	M	radiant/broad/Human-WGS-CRAM-37/RADIANT_Set042_38samples_CRAM/136006-0058083502_PM25-00110-A_SM-P5219_SDSM-2YWL.cram
SDSM-2YWM	F	radiant/broad/Human-WGS-CRAM-37/RADIANT_Set042_38samples_CRAM/135432-0052352602_PM24-00082-C_SM-P521A_SDSM-2YWM.cram
SDSM-2ZOV	F	radiant/broad/Human-WGS-CRAM-37/RADIANT_Set042_38samples_CRAM/136113-0058342902_PM25-00235-A_SM-P521E_SDSM-2ZOV.cram
SDSM-2ZOW	F	radiant/broad/Human-WGS-CRAM-37/RADIANT_Set042_38samples_CRAM/135023-0058443702_PM25-00236-A_SM-P521F_SDSM-2ZOW.cram
SDSM-2ZOX	M	radiant/broad/Human-WGS-CRAM-38/RADIANT_Set043_17samples_CRAM/136183-0058584602_PM25-00237-A_SM-P521G_SDSM-2ZOX.cram
SDSM-2ZOY	M	radiant/broad/Human-WGS-CRAM-37/RADIANT_Set042_38samples_CRAM/136225-0058584802_PM25-00238-A_SM-P521H_SDSM-2ZOY.cram
SDSM-2ZOZ	F	radiant/broad/Human-WGS-CRAM-37/RADIANT_Set042_38samples_CRAM/135384-0058655402_PM25-00239-A_SM-P521I_SDSM-2ZOZ.cram
SDSM-2ZP1	F	radiant/broad/Human-WGS-CRAM-37/RADIANT_Set042_38samples_CRAM/136053-0058724002_PM25-00240-A_SM-P521J_SDSM-2ZP1.cram
SDSM-2ZP2	M	radiant/broad/Human-WGS-CRAM-37/RADIANT_Set042_38samples_CRAM/136186-0058655102_PM25-00241-A_SM-P521K_SDSM-2ZP2.cram
SDSM-2ZP3	M	radiant/broad/Human-WGS-CRAM-37/RADIANT_Set042_38samples_CRAM/136263-0058723802_PM25-00242-A_SM-P521L_SDSM-2ZP3.cram
SDSM-2ZP4	M	radiant/broad/Human-WGS-CRAM-37/RADIANT_Set042_38samples_CRAM/135538-0058342702_PM25-00243-A_SM-P521M_SDSM-2ZP4.cram
SDSM-2ZP5	F	radiant/broad/Human-WGS-CRAM-37/RADIANT_Set042_38samples_CRAM/136154-0058373302_PM25-00244-A_SM-P521N_SDSM-2ZP5.cram
SDSM-3A6S	F	radiant/broad/Human-WGS-CRAM-38/RADIANT_Set044_24samples_CRAM/136129-0062814502_BK26-077004_SM-P3S1N_SDSM-3A6S.cram
SDSM-3A6T	F	radiant/broad/Human-WGS-CRAM-38/RADIANT_Set044_24samples_CRAM/136047-0062833502_BK26-077005_SM-P3S1K_SDSM-3A6T.cram
SDSM-3A6U	F	radiant/broad/Human-WGS-CRAM-38/RADIANT_Set044_24samples_CRAM/136459-0062858302_BK26-077006_SM-P3S1L_SDSM-3A6U.cram
SDSM-3A6V	F	radiant/broad/Human-WGS-CRAM-38/RADIANT_Set044_24samples_CRAM/135300-0062913702_BK26-077007_SM-P3S1I_SDSM-3A6V.cram
SDSM-3A6W	M	radiant/broad/Human-WGS-CRAM-38/RADIANT_Set044_24samples_CRAM/136428-0063018502_BK26-077008_SM-P3S1J_SDSM-3A6W.cram
SDSM-3A6X	F	radiant/broad/Human-WGS-CRAM-38/RADIANT_Set044_24samples_CRAM/136038-0063039702_BK26-077009_SM-P3S1H_SDSM-3A6X.cram
SDSM-3A6Y	F	radiant/broad/Human-WGS-CRAM-38/RADIANT_Set044_24samples_CRAM/136211-0063040002_BK26-077010_SM-P3S1F_SDSM-3A6Y.cram
SDSM-3A6Z	M	radiant/broad/Human-WGS-CRAM-38/RADIANT_Set044_24samples_CRAM/136440-0063076802_BK26-077011_SM-P3S1G_SDSM-3A6Z.cram
SDSM-3A71	M	radiant/broad/Human-WGS-CRAM-38/RADIANT_Set044_24samples_CRAM/135754-0063194002_BK26-077012_SM-P3S1D_SDSM-3A71.cram
SDSM-3A72	F	radiant/broad/Human-WGS-CRAM-38/RADIANT_Set044_24samples_CRAM/136396-0063194202_BK26-077013_SM-P3S1E_SDSM-3A72.cram
SDSM-29N	F	radiant/broad/Human-WGS-CRAM-33/RADIANT_Set038_15samples_CRAM/135866-0054621602_PM24-01302-A_SM-NS96X_SDSM-29N.cram
SDSM-29O	F	radiant/broad/Human-WGS-CRAM-33/RADIANT_Set038_15samples_CRAM/135874-0054411402_PM24-01303-A_SM-NS96U_SDSM-29O.cram
SDSM-29P	F	radiant/broad/Human-WGS-CRAM-33/RADIANT_Set038_15samples_CRAM/134250-0054491002_PM24-01304-A_SM-NS96V_SDSM-29P.cram
SDSM-29Q	F	radiant/broad/Human-WGS-CRAM-33/RADIANT_Set038_15samples_CRAM/135776-0054411202_PM24-01305-A_SM-NS96W_SDSM-29Q.cram
SDSM-29R	M	radiant/broad/Human-WGS-CRAM-33/RADIANT_Set038_15samples_CRAM/135801-0054539502_PM24-01306-A_SM-NS96S_SDSM-29R.cram
SDSM-31TH	M	radiant/broad/Human-WGS-CRAM-37/RADIANT_Set042_38samples_CRAM/136196-0058806202_BK25-335009_SM-P521Q_SDSM-31TH.cram
SDSM-31TI	F	radiant/broad/Human-WGS-CRAM-37/RADIANT_Set042_38samples_CRAM/136060-0059181502_BK26-008001_SM-P521R_SDSM-31TI.cram
SDSM-31TJ	F	radiant/broad/Human-WGS-CRAM-37/RADIANT_Set042_38samples_CRAM/135374-0059220202_BK26-008002_SM-P521S_SDSM-31TJ.cram
SDSM-31TK	M	radiant/broad/Human-WGS-CRAM-37/RADIANT_Set042_38samples_CRAM/136218-0059220402_BK26-008003_SM-P521T_SDSM-31TK.cram
SDSM-31TL	F	radiant/broad/Human-WGS-CRAM-37/RADIANT_Set042_38samples_CRAM/136042-0059520202_BK26-008004_SM-P521U_SDSM-31TL.cram
SDSM-31TM	M	radiant/broad/Human-WGS-CRAM-37/RADIANT_Set042_38samples_CRAM/136246-0059441502_BK26-008005_SM-P521V_SDSM-31TM.cram
SDSM-31TN	M	radiant/broad/Human-WGS-CRAM-37/RADIANT_Set042_38samples_CRAM/135612-0059351702_BK26-008006_SM-P521W_SDSM-31TN.cram
SDSM-31TO	F	radiant/broad/Human-WGS-CRAM-37/RADIANT_Set042_38samples_CRAM/136301-0059316602_BK26-008007_SM-P521X_SDSM-31TO.cram
SDSM-31TP	M	radiant/broad/Human-WGS-CRAM-37/RADIANT_Set042_38samples_CRAM/135936-0059271102_BK26-008008_SM-P521Y_SDSM-31TP.cram
SDSM-31TQ	M	radiant/broad/Human-WGS-CRAM-37/RADIANT_Set042_38samples_CRAM/136133-0059270902_BK26-008009_SM-P521Z_SDSM-31TQ.cram
SDSM-31TR	M	radiant/broad/Human-WGS-CRAM-37/RADIANT_Set042_38samples_CRAM/135328-0059220902_BK26-008010_SM-P5221_SDSM-31TR.cram
SDSM-31TS	F	radiant/broad/Human-WGS-CRAM-37/RADIANT_Set042_38samples_CRAM/135991-0059220602_BK26-008011_SM-P5222_SDSM-31TS.cram
SDSM-33TM	F	radiant/broad/Human-WGS-CRAM-38/RADIANT_Set043_17samples_CRAM/136293-0059595302_BK26-014001_SM-P5223_SDSM-33TM.cram
SDSM-33TN	F	radiant/broad/Human-WGS-CRAM-38/RADIANT_Set043_17samples_CRAM/135863-0059536702_BK26-014002_SM-P5224_SDSM-33TN.cram
SDSM-33TO	F	radiant/broad/Human-WGS-CRAM-38/RADIANT_Set043_17samples_CRAM/136285-0059536502_BK26-014003_SM-P5225_SDSM-33TO.cram
SDSM-33TP	M	radiant/broad/Human-WGS-CRAM-38/RADIANT_Set043_17samples_CRAM/135623-0059520402_BK26-014004_SM-P5226_SDSM-33TP.cram
SDSM-33TQ	F	radiant/broad/Human-WGS-CRAM-38/RADIANT_Set043_17samples_CRAM/136219-0059641002_BK26-014005_SM-P5227_SDSM-33TQ.cram
SDSM-33TR	M	radiant/broad/Human-WGS-CRAM-38/RADIANT_Set043_17samples_CRAM/136270-0059686602_BK26-014006_SM-P5228_SDSM-33TR.cram
SDSM-33TS	F	radiant/broad/Human-WGS-CRAM-38/RADIANT_Set043_17samples_CRAM/135977-0059079702_BK26-014007_SM-P5229_SDSM-33TS.cram
SDSM-33TT	F	radiant/broad/Human-WGS-CRAM-38/RADIANT_Set043_17samples_CRAM/135625-0059686802_BK26-014008_SM-P522A_SDSM-33TT.cram
SDSM-33TU	F	radiant/broad/Human-WGS-CRAM-38/RADIANT_Set043_17samples_CRAM/136289-0059728702_BK26-014009_SM-P522B_SDSM-33TU.cram
SDSM-36HP	M	radiant/broad/Human-WGS-CRAM-38/RADIANT_Set043_17samples_CRAM/135772-0059883202_BK26-042005_SM-P522C_SDSM-36HP.cram
SDSM-36HQ	M	radiant/broad/Human-WGS-CRAM-38/RADIANT_Set043_17samples_CRAM/135953-0060979602_BK26-042007_SM-P522D_SDSM-36HQ.cram
SDSM-36HR	M	radiant/broad/Human-WGS-CRAM-38/RADIANT_Set044_24samples_CRAM/136261-0059992702_BK26-042008_SM-P522E_SDSM-36HR.cram
SDSM-36HS	M	radiant/broad/Human-WGS-CRAM-38/RADIANT_Set043_17samples_CRAM/136161-0060246302_BK26-042009_SM-P522F_SDSM-36HS.cram
SDSM-36HT	M	radiant/broad/Human-WGS-CRAM-38/RADIANT_Set043_17samples_CRAM/136014-0060045502_BK26-042010_SM-P522G_SDSM-36HT.cram
SDSM-36HU	M	radiant/broad/Human-WGS-CRAM-38/RADIANT_Set043_17samples_CRAM/136252-0060383002_BK26-042011_SM-P522H_SDSM-36HU.cram
SDSM-36HV	M	radiant/broad/Human-WGS-CRAM-38/RADIANT_Set043_17samples_CRAM/136303-0060316802_BK26-042012_SM-P522I_SDSM-36HV.cram
SDSM-36HW	F	radiant/broad/Human-WGS-CRAM-38/RADIANT_Set043_17samples_CRAM/136163-0060504902_BK26-042013_SM-P522J_SDSM-36HW.cram
SDSM-36HX	F	radiant/broad/Human-WGS-CRAM-38/RADIANT_Set043_17samples_CRAM/136421-0060954502_BK26-042014_SM-P522K_SDSM-36HX.cram
SDSM-36HY	F	radiant/broad/Human-WGS-CRAM-38/RADIANT_Set044_24samples_CRAM/135999-0059848802_BK26-043002_SM-P522L_SDSM-36HY.cram
SDSM-394A	F	radiant/broad/Human-WGS-CRAM-38/RADIANT_Set044_24samples_CRAM/136333-0063076602_BK26-072004_SM-P522P_SDSM-394A.cram
SDSM-394B	M	radiant/broad/Human-WGS-CRAM-38/RADIANT_Set044_24samples_CRAM/136025-0060246102_BK26-072005_SM-P522Q_SDSM-394B.cram
SDSM-394C	M	radiant/broad/Human-WGS-CRAM-38/RADIANT_Set044_24samples_CRAM/136244-0061174502_BK26-072006_SM-P522R_SDSM-394C.cram
SDSM-394D	M	radiant/broad/Human-WGS-CRAM-38/RADIANT_Set044_24samples_CRAM/136367-0062244802_BK26-072007_SM-P4WFU_SDSM-394D.cram
SDSM-394E	F	radiant/broad/Human-WGS-CRAM-38/RADIANT_Set044_24samples_CRAM/136317-0062395502_BK26-072008_SM-P4WFV_SDSM-394E.cram
SDSM-394F	F	radiant/broad/Human-WGS-CRAM-38/RADIANT_Set044_24samples_CRAM/136374-0062574202_BK26-072009_SM-P4WFW_SDSM-394F.cram
SDSM-394G	M	radiant/broad/Human-WGS-CRAM-38/RADIANT_Set044_24samples_CRAM/136235-0062675402_BK26-072010_SM-P522S_SDSM-394G.cram
SDSM-394H	F	radiant/broad/Human-WGS-CRAM-38/RADIANT_Set044_24samples_CRAM/136132-0062708402_BK26-072011_SM-P3S1O_SDSM-394H.cram
SDSM-394I	M	radiant/broad/Human-WGS-CRAM-38/RADIANT_Set044_24samples_CRAM/135563-0062778802_BK26-072012_SM-P3S1M_SDSM-394I.cram
SDSM-3947	M	radiant/broad/Human-WGS-CRAM-38/RADIANT_Set044_24samples_CRAM/136327-0063039402_BK26-072001_SM-P522M_SDSM-3947.cram
SDSM-3948	M	radiant/broad/Human-WGS-CRAM-38/RADIANT_Set044_24samples_CRAM/136326-0063038802_BK26-072002_SM-P522N_SDSM-3948.cram
SDSM-3949	M	radiant/broad/Human-WGS-CRAM-38/RADIANT_Set044_24samples_CRAM/136319-0063039102_BK26-072003_SM-P522O_SDSM-3949.cram
SDSM-DOT	M	radiant/broad/Human-WGS-CRAM-35/RADIANT_Set040_29samples_CRAM/136056-0056984302_PM24-01987-A_SM-OIO7V_SDSM-DOT.cram
SDSM-DOU	M	radiant/broad/Human-WGS-CRAM-35/RADIANT_Set040_29samples_CRAM/135948-0056057202_PM24-01988-A_SM-OIO7U_SDSM-DOU.cram
SDSM-DOV	F	radiant/broad/Human-WGS-CRAM-35/RADIANT_Set040_29samples_CRAM/135985-0056093302_PM24-01989-A_SM-OIO7T_SDSM-DOV.cram
SDSM-DOW	F	radiant/broad/Human-WGS-CRAM-35/RADIANT_Set040_29samples_CRAM/135996-0056160902_PM24-01990-A_SM-OIO7S_SDSM-DOW.cram
SDSM-DOX	F	radiant/broad/Human-WGS-CRAM-35/RADIANT_Set040_29samples_CRAM/135640-0056180502_PM24-01991-A_SM-OIO7R_SDSM-DOX.cram
SDSM-DOY	M	radiant/broad/Human-WGS-CRAM-35/RADIANT_Set040_29samples_CRAM/135388-0056264602_PM24-01992-A_SM-OIO7Q_SDSM-DOY.cram
SDSM-DOZ	F	radiant/broad/Human-WGS-CRAM-35/RADIANT_Set040_29samples_CRAM/135236-0052377202_PM24-00097-C_SM-OIO7P_SDSM-DOZ.cram
SDSM-DP1	M	radiant/broad/Human-WGS-CRAM-35/RADIANT_Set040_29samples_CRAM/135989-0056248102_PM24-01993-A_SM-OIO7O_SDSM-DP1.cram
SDSM-DP2	F	radiant/broad/Human-WGS-CRAM-35/RADIANT_Set040_29samples_CRAM/135355-0056294002_PM24-01994-A_SM-OIO7N_SDSM-DP2.cram
SDSM-DP3	F	radiant/broad/Human-WGS-CRAM-35/RADIANT_Set040_29samples_CRAM/136018-0056313202_PM24-01995-A_SM-OIO7M_SDSM-DP3.cram
SDSM-F2V	F	radiant/broad/Human-WGS-CRAM-35/RADIANT_Set040_29samples_CRAM/135572-0053834902_PM24-01050-B_SM-OIO7L_SDSM-F2V.cram
SDSM-F2W	M	radiant/broad/Human-WGS-CRAM-35/RADIANT_Set040_29samples_CRAM/135540-0051405402_PM23-01473-B_SM-OIO7K_SDSM-F2W.cram
SDSM-OL	F	radiant/broad/Human-WGS-CRAM-32/RADIANT_Set036_12samples_CRAM/135325-0053275302_PM24-00516-A_SM-NL7S9_SDSM-OL.cram
SDSM-OM	F	radiant/broad/Human-WGS-CRAM-32/RADIANT_Set036_12samples_CRAM/135641-0053133002_PM24-00517-A_SM-NL7SA_SDSM-OM.cram
SDSM-ON	F	radiant/broad/Human-WGS-CRAM-32/RADIANT_Set036_12samples_CRAM/134608-0053014602_PM24-00518-A_SM-NL7SB_SDSM-ON.cram
SDSM-OO	F	radiant/broad/Human-WGS-CRAM-32/RADIANT_Set036_12samples_CRAM/134439-0053275102_PM24-00519-A_SM-NL7SC_SDSM-OO.cram
SDSM-OP	F	radiant/broad/Human-WGS-CRAM-32/RADIANT_Set036_12samples_CRAM/135876-0053239102_PM24-00520-A_SM-NL7SD_SDSM-OP.cram
SDSM-OQ	M	radiant/broad/Human-WGS-CRAM-32/RADIANT_Set036_12samples_CRAM/135519-0053300702_PM24-00521-A_SM-NL7SE_SDSM-OQ.cram
SDSM-OR	M	radiant/broad/Human-WGS-CRAM-32/RADIANT_Set036_12samples_CRAM/135773-0053024402_PM24-00522-A_SM-NL7SF_SDSM-OR.cram
SDSM-OS	M	radiant/broad/Human-WGS-CRAM-32/RADIANT_Set036_12samples_CRAM/135669-0053149202_PM24-00523-A_SM-NL7SG_SDSM-OS.cram
SDSM-OT	M	radiant/broad/Human-WGS-CRAM-32/RADIANT_Set036_12samples_CRAM/135595-0053064602_PM24-00524-A_SM-NL7SH_SDSM-OT.cram
SDSM-OU	F	radiant/broad/Human-WGS-CRAM-32/RADIANT_Set036_12samples_CRAM/135602-0053133202_PM24-00525-A_SM-NL7SI_SDSM-OU.cram
SDSM-OV	F	radiant/broad/Human-WGS-CRAM-32/RADIANT_Set036_12samples_CRAM/134987-0053043402_PM24-00526-A_SM-NL7SJ_SDSM-OV.cram
SDSM-OW	M	radiant/broad/Human-WGS-CRAM-32/RADIANT_Set036_12samples_CRAM/135456-0053205202_PM24-00527-A_SM-NL7SK_SDSM-OW.cram
SDSM-RH	M	radiant/broad/Human-WGS-CRAM-33/RADIANT_Set038_15samples_CRAM/135846-0053439902_PM24-00819-A_SM-NL7SP_SDSM-RH.cram
SDSM-RJ	F	radiant/broad/Human-WGS-CRAM-33/RADIANT_Set038_15samples_CRAM/135521-0053578102_PM24-00821-A_SM-NL7SR_SDSM-RJ.cram
SDSM-RK	F	radiant/broad/Human-WGS-CRAM-33/RADIANT_Set038_15samples_CRAM/135789-0053578402_PM24-00823-A_SM-NL7SS_SDSM-RK.cram
SDSM-RL	F	radiant/broad/Human-WGS-CRAM-33/RADIANT_Set038_15samples_CRAM/135568-0053440102_PM24-00824-A_SM-NL7ST_SDSM-RL.cram
SDSM-RM	M	radiant/broad/Human-WGS-CRAM-33/RADIANT_Set038_15samples_CRAM/135371-0053351802_PM24-00826-A_SM-NL7SU_SDSM-RM.cram
SDSM-RN	M	radiant/broad/Human-WGS-CRAM-33/RADIANT_Set038_15samples_CRAM/135683-0053423002_PM24-00828-A_SM-NL7SV_SDSM-RN.cram
SDSM-RO	F	radiant/broad/Human-WGS-CRAM-33/RADIANT_Set037_15samples_CRAM/135583-0053652402_PM24-00829-A_SM-NL7SW_SDSM-RO.cram
SDSM-Z8	M	radiant/broad/Human-WGS-CRAM-33/RADIANT_Set038_15samples_CRAM/134666-0048911302_PM23-00353-B_SM-NS971_SDSM-Z8.cram
SDSM-ZC	F	radiant/broad/Human-WGS-CRAM-33/RADIANT_Set037_15samples_CRAM/135104-0053807402_PM24-01040-A_SM-NL7SX_SDSM-ZC.cram
SDSM-ZD	M	radiant/broad/Human-WGS-CRAM-33/RADIANT_Set038_15samples_CRAM/135729-0053906802_PM24-01041-A_SM-NL7SY_SDSM-ZD.cram
SDSM-ZE	F	radiant/broad/Human-WGS-CRAM-33/RADIANT_Set037_15samples_CRAM/135097-0053996002_PM24-01042-A_SM-NL7SZ_SDSM-ZE.cram
SDSM-ZF	M	radiant/broad/Human-WGS-CRAM-33/RADIANT_Set037_15samples_CRAM/135780-0054146202_PM24-01043-A_SM-NL7T1_SDSM-ZF.cram
SDSM-ZG	M	radiant/broad/Human-WGS-CRAM-33/RADIANT_Set038_15samples_CRAM/135819-0054090002_PM24-01044-A_SM-NL7T2_SDSM-ZG.cram
SDSM-ZH	F	radiant/broad/Human-WGS-CRAM-33/RADIANT_Set037_15samples_CRAM/134456-0054089802_PM24-01045-A_SM-NL7T3_SDSM-ZH.cram
SDSM-ZI	M	radiant/broad/Human-WGS-CRAM-33/RADIANT_Set037_15samples_CRAM/135852-0054146402_PM24-01046-A_SM-NL7T4_SDSM-ZI.cram
SDSM-ZJ	M	radiant/broad/Human-WGS-CRAM-33/RADIANT_Set037_15samples_CRAM/135800-0053807202_PM24-01047-A_SM-NL7T5_SDSM-ZJ.cram
SDSM-ZK	M	radiant/broad/Human-WGS-CRAM-33/RADIANT_Set037_15samples_CRAM/135770-0054273702_PM24-01048-A_SM-NL7T6_SDSM-ZK.cram
SDSM-ZL	M	radiant/broad/Human-WGS-CRAM-33/RADIANT_Set037_15samples_CRAM/135715-0053807602_PM24-01049-A_SM-NSM94_SDSM-ZL.cram
SDSM-ZP	M	radiant/broad/Human-WGS-CRAM-33/RADIANT_Set037_15samples_CRAM/135919-0054188602_PM24-01053-A_SM-NS977_SDSM-ZP.cram
SDSM-ZQ	F	radiant/broad/Human-WGS-CRAM-33/RADIANT_Set037_15samples_CRAM/135509-0054273402_PM24-01054-A_SM-NS973_SDSM-ZQ.cram
SDSM-ZR	F	radiant/broad/Human-WGS-CRAM-33/RADIANT_Set037_15samples_CRAM/135857-0054245802_PM24-01055-A_SM-NS974_SDSM-ZR.cram
SDSM-ZS	F	radiant/broad/Human-WGS-CRAM-33/RADIANT_Set037_15samples_CRAM/135869-0054214102_PM24-01056-A_SM-NS975_SDSM-ZS.cram
SM-L5BXS	M	radiant/broad/Human-WGS-CRAM-1/RADIANT_set_2_26_samples_06242021/RP-2422/WGS/SM-L5BXS/v1/134304-0359492355_PM21-00460-A_SM-L5BXS_v1.cram
SM-L5BXT	M	radiant/broad/Human-WGS-CRAM-1/RADIANT_set_2_26_samples_06242021/RP-2422/WGS/SM-L5BXT/v1/134251-0359492357_PM21-00461-A_SM-L5BXT_v1.cram
SM-L5BXV	M	radiant/broad/Human-WGS-CRAM-1/RADIANT_set_2_26_samples_06242021/RP-2422/WGS/SM-L5BXV/v1/134292-0359492599_PM21-00458-A_SM-L5BXV_v1.cram
SM-L5BXW	F	radiant/broad/Human-WGS-CRAM-1/RADIANT_set_2_26_samples_06242021/RP-2422/WGS/SM-L5BXW/v1/134529-0359491489_PM21-00459-A_SM-L5BXW_v1.cram
SM-L5BXX	F	radiant/broad/Human-WGS-CRAM-1/RADIANT_set_2_26_samples_06242021/RP-2422/WGS/SM-L5BXX/v1/134266-0359492632_PM21-00457-A_SM-L5BXX_v1.cram
SM-L5BXY	M	radiant/broad/Human-WGS-CRAM-1/RADIANT_set_2_26_samples_06242021/RP-2422/WGS/SM-L5BXY/v1/134205-0359490632_PM21-00455-A_SM-L5BXY_v1.cram
SM-L5BXZ	M	radiant/broad/Human-WGS-CRAM-1/RADIANT_set_2_26_samples_06242021/RP-2422/WGS/SM-L5BXZ/v1/134357-0359493999_PM21-00456-A_SM-L5BXZ_v1.cram
SM-L5BY1	F	radiant/broad/Human-WGS-CRAM-1/RADIANT_set_2_26_samples_06242021/RP-2422/WGS/SM-L5BY1/v1/134254-0359491485_PM21-00453-A_SM-L5BY1_v1.cram
SM-L5BY2	M	radiant/broad/Human-WGS-CRAM-1/RADIANT_set_2_26_samples_06242021/RP-2422/WGS/SM-L5BY2/v1/134253-0359492076_PM21-00454-A_SM-L5BY2_v1.cram
SM-L5BY3	M	radiant/broad/Human-WGS-CRAM-1/RADIANT_set_2_26_samples_06242021/RP-2422/WGS/SM-L5BY3/v1/134329-0359466855_PM21-00437-A_SM-L5BY3_v1.cram
SM-L5BY4	F	radiant/broad/Human-WGS-CRAM-1/RADIANT_set_2_26_samples_06242021/RP-2422/WGS/SM-L5BY4/v1/134542-0359493956_PM21-00438-A_SM-L5BY4_v1.cram
SM-L5BY5	M	radiant/broad/Human-WGS-CRAM-1/RADIANT_set_2_26_samples_06242021/RP-2422/WGS/SM-L5BY5/v1/134491-0359492348_PM21-00435-A_SM-L5BY5_v1.cram
SM-L5BY6	F	radiant/broad/Human-WGS-CRAM-1/RADIANT_set_2_26_samples_06242021/RP-2422/WGS/SM-L5BY6/v1/134267-0359494112_PM21-00436-A_SM-L5BY6_v1.cram
SM-L5BY7	F	radiant/broad/Human-WGS-CRAM-1/RADIANT_set_2_26_samples_06242021/RP-2422/WGS/SM-L5BY7/v1/134485-0359493954_PM21-00433-A_SM-L5BY7_v1.cram
SM-L5BY8	M	radiant/broad/Human-WGS-CRAM-1/RADIANT_set_2_26_samples_06242021/RP-2422/WGS/SM-L5BY8/v1/134210-0359492309_PM21-00434-A_SM-L5BY8_v1.cram
SM-L5BY9	F	radiant/broad/Human-WGS-CRAM-1/RADIANT_Set1_15samples_renamedCRAMs/134325-0359493103_PM21-00354-A_SM-L5BY9_v1.cram
SM-L5BYA	M	radiant/broad/Human-WGS-CRAM-1/RADIANT_Set1_15samples_renamedCRAMs/134174-0359466815_PM21-00355-A_SM-L5BYA_v1.cram
SM-L5BYB	F	radiant/broad/Human-WGS-CRAM-1/RADIANT_Set1_15samples_renamedCRAMs/134316-0359467171_PM21-00342-A_SM-L5BYB_v1.cram
SM-L5BYC	M	radiant/broad/Human-WGS-CRAM-1/RADIANT_Set1_15samples_renamedCRAMs/134310-0359491464_PM21-00343-A_SM-L5BYC_v1.cram
SM-L5BYD	F	radiant/broad/Human-WGS-CRAM-1/RADIANT_Set1_15samples_renamedCRAMs/134274-0359494017_PM21-00344-A_SM-L5BYD_v1.cram
SM-L5BYE	M	radiant/broad/Human-WGS-CRAM-1/RADIANT_Set1_15samples_renamedCRAMs/134474-0359492962_PM21-00345-A_SM-L5BYE_v1.cram
SM-L5BYF	M	radiant/broad/Human-WGS-CRAM-1/RADIANT_Set1_15samples_renamedCRAMs/134455-0359492919_PM21-00346-A_SM-L5BYF_v1.cram
SM-L5BYG	F	radiant/broad/Human-WGS-CRAM-1/RADIANT_Set1_15samples_renamedCRAMs/134256-0359493825_PM21-00347-A_SM-L5BYG_v1.cram
SM-L5BYH	M	radiant/broad/Human-WGS-CRAM-1/RADIANT_Set1_15samples_renamedCRAMs/134449-0359492596_PM21-00348-A_SM-L5BYH_v1.cram
SM-L5BYI	F	radiant/broad/Human-WGS-CRAM-1/RADIANT_Set1_15samples_renamedCRAMs/134220-0359492011_PM21-00349-A_SM-L5BYI_v1.cram
SM-L5BYJ	F	radiant/broad/Human-WGS-CRAM-1/RADIANT_Set1_15samples_renamedCRAMs/134209-0359468018_PM21-00350-A_SM-L5BYJ_v1.cram
SM-L5BYK	F	radiant/broad/Human-WGS-CRAM-1/RADIANT_Set1_15samples_renamedCRAMs/134342-0359491336_PM21-00351-A_SM-L5BYK_v1.cram
SM-L5BYL	F	radiant/broad/Human-WGS-CRAM-1/RADIANT_Set1_15samples_renamedCRAMs/134327-0359492616_PM21-00352-A_SM-L5BYL_v1.cram
SM-L5BYM	F	radiant/broad/Human-WGS-CRAM-1/RADIANT_Set1_15samples_renamedCRAMs/134186-0359466981_PM21-00353-A_SM-L5BYM_v1.cram
SM-L5BYN	F	radiant/broad/Human-WGS-CRAM-1/RADIANT_Set1_15samples_renamedCRAMs/134323-0359491713_PM21-00341-A_SM-L5BYN_v1.cram
SM-L5KUB	M	radiant/broad/Human-WGS-CRAM-1/RADIANT_set_2_26_samples_06242021/RP-2422/WGS/SM-L5KUB/v1/134207-0359494121_PM21-00463-A_SM-L5KUB_v1.cram
SM-L5KUC	M	radiant/broad/Human-WGS-CRAM-1/RADIANT_set_2_26_samples_06242021/RP-2422/WGS/SM-L5KUC/v1/134443-0359493101_PM21-00464-A_SM-L5KUC_v1.cram
SM-L5KUD	F	radiant/broad/Human-WGS-CRAM-1/RADIANT_set_2_26_samples_06242021/RP-2422/WGS/SM-L5KUD/v1/134434-0359493824_PM21-00465-A_SM-L5KUD_v1.cram
SM-L5KUE	F	radiant/broad/Human-WGS-CRAM-1/RADIANT_set_2_26_samples_06242021/RP-2422/WGS/SM-L5KUE/v1/134414-0359493071_PM21-00466-A_SM-L5KUE_v1.cram
SM-L5KUF	F	radiant/broad/Human-WGS-CRAM-1/RADIANT_set_2_26_samples_06242021/RP-2422/WGS/SM-L5KUF/v1/134245-0359490661_PM21-00467-A_SM-L5KUF_v1.cram
SM-L5KUG	F	radiant/broad/Human-WGS-CRAM-1/RADIANT_set_2_26_samples_06242021/RP-2422/WGS/SM-L5KUG/v1/134338-0359490580_PM21-00468-A_SM-L5KUG_v1.cram
SM-L5KUH	M	radiant/broad/Human-WGS-CRAM-1/RADIANT_set_2_26_samples_06242021/RP-2422/WGS/SM-L5KUH/v1/134413-0359492385_PM21-00469-A_SM-L5KUH_v1.cram
SM-L5KUI	F	radiant/broad/Human-WGS-CRAM-1/RADIANT_set_2_26_samples_06242021/RP-2422/WGS/SM-L5KUI/v1/134468-0359468218_PM21-00470-A_SM-L5KUI_v1.cram
SM-L5KUJ	F	radiant/broad/Human-WGS-CRAM-1/RADIANT_set_2_26_samples_06242021/RP-2422/WGS/SM-L5KUJ/v1/134525-0359493083_PM21-00471-A_SM-L5KUJ_v1.cram
SM-L5KUK	M	radiant/broad/Human-WGS-CRAM-1/RADIANT_set_2_26_samples_06242021/RP-2422/WGS/SM-L5KUK/v1/134453-0359494060_PM21-00472-A_SM-L5KUK_v1.cram
SM-L5KUL	F	radiant/broad/Human-WGS-CRAM-2/RADIANT_Set3_8samples_renamedCRAM/134369-0042099602_PM21-00552-A_SM-L5KUL_v1.cram
SM-L5KUM	F	radiant/broad/Human-WGS-CRAM-2/RADIANT_Set3_8samples_renamedCRAM/134218-0042121902_PM21-00553-A_SM-L5KUM_v1.cram
SM-L5KUN	M	radiant/broad/Human-WGS-CRAM-2/RADIANT_Set3_8samples_renamedCRAM/134271-0042171202_PM21-00554-A_SM-L5KUN_v1.cram
SM-L5KUO	M	radiant/broad/Human-WGS-CRAM-2/RADIANT_Set3_8samples_renamedCRAM/134199-0042171402_PM21-00555-A_SM-L5KUO_v1.cram
SM-L5KUP	F	radiant/broad/Human-WGS-CRAM-2/RADIANT_Set3_8samples_renamedCRAM/134476-0042196402_PM21-00556-A_SM-L5KUP_v1.cram
SM-L5KUQ	M	radiant/broad/Human-WGS-CRAM-2/RADIANT_Set3_8samples_renamedCRAM/134224-0042321002_PM21-00557-A_SM-L5KUQ_v1.cram
SM-L5KUR	F	radiant/broad/Human-WGS-CRAM-2/RADIANT_Set3_8samples_renamedCRAM/134587-0042336402_PM21-00558-A_SM-L5KUR_v1.cram
SM-L5KUS	F	radiant/broad/Human-WGS-CRAM-2/RADIANT_Set3_8samples_renamedCRAM/134551-0042336202_PM21-00559-A_SM-L5KUS_v1.cram
SM-L5KUT	M	radiant/broad/Human-WGS-CRAM-3/RADIANT_Set4_5samples_renamedCRAMs/134303-0042430702_PM21-00636-A_SM-L5KUT_v1.cram
SM-L5KUU	F	radiant/broad/Human-WGS-CRAM-3/RADIANT_Set4_5samples_renamedCRAMs/134222-0042525102_PM21-00637-A_SM-L5KUU_v1.cram
SM-L5KUV	F	radiant/broad/Human-WGS-CRAM-3/RADIANT_Set4_5samples_renamedCRAMs/134546-0042524902_PM21-00638-A_SM-L5KUV_v1.cram
SM-L5KUW	F	radiant/broad/Human-WGS-CRAM-3/RADIANT_Set4_5samples_renamedCRAMs/134235-0042587602_PM21-00640-A_SM-L5KUW_v1.cram
SM-L5KUX	F	radiant/broad/Human-WGS-CRAM-3/RADIANT_Set4_5samples_renamedCRAMs/134580-0042630502_PM21-00641-A_SM-L5KUX_v1.cram
SM-L5KUY	F	radiant/broad/Human-WGS-CRAM-4/RADIANT_set_5_7_samples_09202021/RP-2422/WGS/SM-L5KUY/v1/134610-0042632402_PM21-00635-B_SM-L5KUY.cram
SM-L5KUZ	F	radiant/broad/Human-WGS-CRAM-4/RADIANT_set_5_7_samples_09202021/RP-2422/WGS/SM-L5KUZ/v1/134558-0042427002_PM21-00639-B_SM-L5KUZ.cram
SM-L5KV1	F	radiant/broad/Human-WGS-CRAM-4/RADIANT_set_5_7_samples_09202021/RP-2422/WGS/SM-L5KV1/v1/134223-0042975702_PM21-00721-A_SM-L5KV1.cram
SM-L5KV2	M	radiant/broad/Human-WGS-CRAM-4/RADIANT_set_5_7_samples_09202021/RP-2422/WGS/SM-L5KV2/v1/134642-0042830102_PM21-00722-A_SM-L5KV2.cram
SM-L5KV3	F	radiant/broad/Human-WGS-CRAM-4/RADIANT_set_5_7_samples_09202021/RP-2422/WGS/SM-L5KV3/v1/134268-0042912602_PM21-00723-A_SM-L5KV3.cram
SM-L5KV4	F	radiant/broad/Human-WGS-CRAM-4/RADIANT_set_5_7_samples_09202021/RP-2422/WGS/SM-L5KV4/v1/134482-0042975502_PM21-00724-A_SM-L5KV4.cram
SM-L5KV5	M	radiant/broad/Human-WGS-CRAM-4/RADIANT_set_5_7_samples_09202021/RP-2422/WGS/SM-L5KV5/v1/134592-0042750502_PM21-00725-A_SM-L5KV5.cram
SM-L5KV6	F	radiant/broad/Human-WGS-CRAM-5/RADIANT_set_6_7_samples_10072021/RP-2422/WGS/SM-L5KV6/v1/134602-0043185902_PM21-00781-A_SM-L5KV6_v1.cram
SM-L5KV7	F	radiant/broad/Human-WGS-CRAM-5/RADIANT_set_6_7_samples_10072021/RP-2422/WGS/SM-L5KV7/v1/134484-0043186102_PM21-00782-A_SM-L5KV7_v1.cram
SM-L5KV8	F	radiant/broad/Human-WGS-CRAM-5/RADIANT_set_6_7_samples_10072021/RP-2422/WGS/SM-L5KV8/v1/134375-0043228602_PM21-00783-A_SM-L5KV8_v1.cram
SM-L5KV9	M	radiant/broad/Human-WGS-CRAM-5/RADIANT_set_6_7_samples_10072021/RP-2422/WGS/SM-L5KV9/v1/134483-0043333302_PM21-00784-A_SM-L5KV9_v1.cram
SM-L5KVA	M	radiant/broad/Human-WGS-CRAM-5/RADIANT_set_6_7_samples_10072021/RP-2422/WGS/SM-L5KVA/v1/134567-0043375202_PM21-00785-A_SM-L5KVA_v1.cram
SM-L5KVB	F	radiant/broad/Human-WGS-CRAM-5/RADIANT_set_6_7_samples_10072021/RP-2422/WGS/SM-L5KVB/v1/134227-0043375302_PM21-00786-A_SM-L5KVB_v1.cram
SM-L5KVC	M	radiant/broad/Human-WGS-CRAM-5/RADIANT_set_6_7_samples_10072021/RP-2422/WGS/SM-L5KVC/v1/134349-0043415802_PM21-00787-A_SM-L5KVC_v1.cram
SM-L5KVD	F	radiant/broad/Human-WGS-CRAM-6/RADIANT_set_7_6_samples_11122021/RP-2422/WGS/SM-L5KVD/v1/134616-0043471102_PM21-00895-A_SM-L5KVD_v1.cram
SM-L5KVE	F	radiant/broad/Human-WGS-CRAM-6/RADIANT_set_7_6_samples_11122021/RP-2422/WGS/SM-L5KVE/v1/134684-0043515202_PM21-00896-A_SM-L5KVE_v1.cram
SM-L5KVF	F	radiant/broad/Human-WGS-CRAM-6/RADIANT_set_7_6_samples_11122021/RP-2422/WGS/SM-L5KVF/v1/134299-0043532402_PM21-00897-A_SM-L5KVF_v1.cram
SM-L5KVG	F	radiant/broad/Human-WGS-CRAM-6/RADIANT_set_7_6_samples_11122021/RP-2422/WGS/SM-L5KVG/v1/134487-0043550902_PM21-00898-A_SM-L5KVG_v1.cram
SM-L5KVH	F	radiant/broad/Human-WGS-CRAM-6/RADIANT_set_7_6_samples_11122021/RP-2422/WGS/SM-L5KVH/v1/134526-0043596602_PM21-00899-A_SM-L5KVH_v1.cram
SM-L5KVI	F	radiant/broad/Human-WGS-CRAM-6/RADIANT_set_7_6_samples_11122021/RP-2422/WGS/SM-L5KVI/v2/134319-0043656702_PM21-00901-A_SM-L5KVI_v2.cram
SM-L5KVJ	F	radiant/broad/Human-WGS-CRAM-7/RADIANT_set_8_11_samples_01032022/RP-2422/WGS/SM-L5KVJ/v1/134628-0043989702_PM21-01012-A_SM-L5KVJ_v1.cram
SM-L5KVK	F	radiant/broad/Human-WGS-CRAM-7/RADIANT_set_8_11_samples_01032022/RP-2422/WGS/SM-L5KVK/v1/134641-0043989102_PM21-01013-A_SM-L5KVK_v1.cram
SM-L5KVL	F	radiant/broad/Human-WGS-CRAM-7/RADIANT_set_8_11_samples_01032022/RP-2422/WGS/SM-L5KVL/v1/134488-0043947902_PM21-01014-A_SM-L5KVL_v1.cram
SM-L5KVM	F	radiant/broad/Human-WGS-CRAM-7/RADIANT_set_8_11_samples_01032022/RP-2422/WGS/SM-L5KVM/v1/134737-0043927302_PM21-01015-A_SM-L5KVM_v1.cram
SM-L5KVN	M	radiant/broad/Human-WGS-CRAM-7/RADIANT_set_8_11_samples_01032022/RP-2422/WGS/SM-L5KVN/v1/134566-0043836702_PM21-01016-A_SM-L5KVN_v1.cram
SM-L5KVO	F	radiant/broad/Human-WGS-CRAM-7/RADIANT_set_8_11_samples_01032022/RP-2422/WGS/SM-L5KVO/v1/134595-0043830402_PM21-01017-A_SM-L5KVO_v1.cram
SM-L5KVP	M	radiant/broad/Human-WGS-CRAM-7/RADIANT_set_8_11_samples_01032022/RP-2422/WGS/SM-L5KVP/v1/134584-0043829602_PM21-01018-A_SM-L5KVP_v1.cram
SM-L5KVQ	F	radiant/broad/Human-WGS-CRAM-7/RADIANT_set_8_11_samples_01032022/RP-2422/WGS/SM-L5KVQ/v1/134539-0043773102_PM21-01019-A_SM-L5KVQ_v1.cram
SM-L5KVR	F	radiant/broad/Human-WGS-CRAM-7/RADIANT_set_8_11_samples_01032022/RP-2422/WGS/SM-L5KVR/v1/134181-0043772802_PM21-01020-A_SM-L5KVR_v1.cram
SM-L5KVS	M	radiant/broad/Human-WGS-CRAM-7/RADIANT_set_8_11_samples_01032022/RP-2422/WGS/SM-L5KVS/v1/134242-0043783602_PM21-01021-A_SM-L5KVS_v1.cram
SM-L5KVT	F	radiant/broad/Human-WGS-CRAM-7/RADIANT_set_8_11_samples_01032022/RP-2422/WGS/SM-L5KVT/v1/134726-0043836902_PM21-01022-A_SM-L5KVT_v1.cram
SM-L5KVU	M	radiant/broad/Human-WGS-CRAM-8/RADIANT_set_9_14_samples_01242022/RP-2422/WGS/SM-L5KVU/v2/134690-0044246702_PM21-01123-A_SM-L5KVU_v2.cram
SM-L5KVV	M	radiant/broad/Human-WGS-CRAM-8/RADIANT_set_9_14_samples_01242022/RP-2422/WGS/SM-L5KVV/v2/134730-0044246502_PM21-01124-A_SM-L5KVV_v2.cram
SM-L5KVW	F	radiant/broad/Human-WGS-CRAM-8/RADIANT_set_9_14_samples_01242022/RP-2422/WGS/SM-L5KVW/v2/134734-0044246302_PM21-01125-A_SM-L5KVW_v2.cram
SM-L5KVX	F	radiant/broad/Human-WGS-CRAM-8/RADIANT_set_9_14_samples_01242022/RP-2422/WGS/SM-L5KVX/v2/134659-0044192602_PM21-01126-A_SM-L5KVX_v2.cram
SM-L5KVY	F	radiant/broad/Human-WGS-CRAM-8/RADIANT_set_9_14_samples_01242022/RP-2422/WGS/SM-L5KVY/v2/134534-0044098102_PM21-01127-A_SM-L5KVY_v2.cram
SM-L5KVZ	M	radiant/broad/Human-WGS-CRAM-8/RADIANT_set_9_14_samples_01242022/RP-2422/WGS/SM-L5KVZ/v2/134249-0044062502_PM21-01128-A_SM-L5KVZ_v2.cram
SM-L5KW1	M	radiant/broad/Human-WGS-CRAM-8/RADIANT_set_9_14_samples_01242022/RP-2422/WGS/SM-L5KW1/v2/134713-0044349902_PM21-01129-A_SM-L5KW1_v2.cram
SM-L5KW2	F	radiant/broad/Human-WGS-CRAM-8/RADIANT_set_9_14_samples_01242022/RP-2422/WGS/SM-L5KW2/v2/134569-0044337502_PM21-01130-A_SM-L5KW2_v2.cram
SM-L5KW3	F	radiant/broad/Human-WGS-CRAM-8/RADIANT_set_9_14_samples_01242022/RP-2422/WGS/SM-L5KW3/v2/134746-0044314702_PM21-01131-A_SM-L5KW3_v2.cram
SM-L5KW4	M	radiant/broad/Human-WGS-CRAM-8/RADIANT_set_9_14_samples_01242022/RP-2422/WGS/SM-L5KW4/v2/134178-0044035702_PM21-01132-A_SM-L5KW4_v2.cram
SM-L5KW5	F	radiant/broad/Human-WGS-CRAM-8/RADIANT_set_9_14_samples_01242022/RP-2422/WGS/SM-L5KW5/v2/134716-0044035402_PM21-01133-A_SM-L5KW5_v2.cram
SM-L5KW6	M	radiant/broad/Human-WGS-CRAM-8/RADIANT_set_9_14_samples_01242022/RP-2422/WGS/SM-L5KW6/v2/134489-0044314502_PM21-01134-A_SM-L5KW6_v2.cram
SM-L5KW7	F	radiant/broad/Human-WGS-CRAM-8/RADIANT_set_9_14_samples_01242022/RP-2422/WGS/SM-L5KW7/v2/134636-0043656506_PM21-01135-A_SM-L5KW7_v2.cram
SM-L5KW8	M	radiant/broad/Human-WGS-CRAM-8/RADIANT_set_9_14_samples_01242022/RP-2422/WGS/SM-L5KW8/v2/134336-0044246802_PM21-01136-A_SM-L5KW8_v2.cram
SM-L5KW9	F	radiant/broad/Human-WGS-CRAM-9/RADIANT_set_10_3_samples_02282022/RP-2422/WGS/SM-L5KW9/v1/134677-0044483602_PM22-00064-A_SM-L5KW9_v1.cram
SM-L5KWA	F	radiant/broad/Human-WGS-CRAM-9/RADIANT_set_10_3_samples_02282022/RP-2422/WGS/SM-L5KWA/v1/134494-0044527102_PM22-00065-A_SM-L5KWA_v1.cram
SM-L5KWB	M	radiant/broad/Human-WGS-CRAM-9/RADIANT_set_10_3_samples_02282022/RP-2422/WGS/SM-L5KWB/v1/134527-0044527302_PM22-00066-A_SM-L5KWB_v1.cram
SM-L5KWC	M	radiant/broad/Human-WGS-CRAM-9/RADIANT_set_11_5_samples_03072022/RP-2422/WGS/SM-L5KWC/v1/134722-0044927102_PM22-00113-A_SM-L5KWC_v1.cram
SM-L5KWD	F	radiant/broad/Human-WGS-CRAM-9/RADIANT_set_11_5_samples_03072022/RP-2422/WGS/SM-L5KWD/v1/134823-0044924902_PM22-00114-A_SM-L5KWD_v1.cram
SM-L5KWE	F	radiant/broad/Human-WGS-CRAM-9/RADIANT_set_11_5_samples_03072022/RP-2422/WGS/SM-L5KWE/v1/134541-0044844602_PM22-00115-A_SM-L5KWE_v1.cram
SM-L5KWF	F	radiant/broad/Human-WGS-CRAM-9/RADIANT_set_11_5_samples_03072022/RP-2422/WGS/SM-L5KWF/v1/134407-0044841802_PM22-00116-A_SM-L5KWF_v1.cram
SM-L5KWG	F	radiant/broad/Human-WGS-CRAM-9/RADIANT_set_11_5_samples_03072022/RP-2422/WGS/SM-L5KWG/v1/134315-0044774602_PM22-00117-A_SM-L5KWG_v1.cram
SM-L5KWH	M	radiant/broad/Human-WGS-CRAM-10/RADIANT_set_12_7_samples_04152022/RP-2422/WGS/SM-L5KWH/v1/134549-0045270302_PM22-00216-A_SM-L5KWH_v1.cram
SM-L5KWI	F	radiant/broad/Human-WGS-CRAM-10/RADIANT_set_12_7_samples_04152022/RP-2422/WGS/SM-L5KWI/v1/134818-0045181702_PM22-00217-A_SM-L5KWI_v1.cram
SM-L5KWJ	F	radiant/broad/Human-WGS-CRAM-10/RADIANT_set_12_7_samples_04152022/RP-2422/WGS/SM-L5KWJ/v1/134796-0045096902_PM22-00218-A_SM-L5KWJ_v1.cram
SM-L5KWK	M	radiant/broad/Human-WGS-CRAM-10/RADIANT_set_12_7_samples_04152022/RP-2422/WGS/SM-L5KWK/v1/134530-0045037002_PM22-00219-A_SM-L5KWK_v1.cram
SM-L5KWL	F	radiant/broad/Human-WGS-CRAM-10/RADIANT_set_12_7_samples_04152022/RP-2422/WGS/SM-L5KWL/v1/134826-0044997102_PM22-00220-A_SM-L5KWL_v1.cram
SM-L5KWM	F	radiant/broad/Human-WGS-CRAM-10/RADIANT_set_12_7_samples_04152022/RP-2422/WGS/SM-L5KWM/v1/134259-0044996902_PM22-00221-A_SM-L5KWM_v1.cram
SM-L5KWN	F	radiant/broad/Human-WGS-CRAM-10/RADIANT_set_12_7_samples_04152022/RP-2422/WGS/SM-L5KWN/v1/134819-0044992602_PM22-00222-A_SM-L5KWN_v1.cram
SM-L5KWO	M	radiant/broad/Human-WGS-CRAM-11/RADIANT_set_13_8_samples_05232022/RP-2422/WGS/SM-L5KWO/v1/134692-0045291402_PM22-00356-A_SM-L5KWO_v1.cram
SM-L5KWP	M	radiant/broad/Human-WGS-CRAM-11/RADIANT_set_13_8_samples_05232022/RP-2422/WGS/SM-L5KWP/v1/134844-0045317802_PM22-00357-A_SM-L5KWP_v1.cram
SM-L5KWQ	M	radiant/broad/Human-WGS-CRAM-11/RADIANT_set_13_8_samples_05232022/RP-2422/WGS/SM-L5KWQ/v1/134473-0045392302_PM22-00358-A_SM-L5KWQ_v1.cram
SM-L5KWR	M	radiant/broad/Human-WGS-CRAM-11/RADIANT_set_13_8_samples_05232022/RP-2422/WGS/SM-L5KWR/v1/134824-0045512402_PM22-00359-A_SM-L5KWR_v1.cram
SM-L5KWS	F	radiant/broad/Human-WGS-CRAM-11/RADIANT_set_13_8_samples_05232022/RP-2422/WGS/SM-L5KWS/v1/134825-0045465202_PM22-00360-A_SM-L5KWS_v1.cram
SM-L5KWT	F	radiant/broad/Human-WGS-CRAM-11/RADIANT_set_13_8_samples_05232022/RP-2422/WGS/SM-L5KWT/v1/134442-0045465002_PM22-00361-A_SM-L5KWT_v1.cram
SM-L5KWU	F	radiant/broad/Human-WGS-CRAM-11/RADIANT_set_13_8_samples_05232022/RP-2422/WGS/SM-L5KWU/v1/134486-0045512602_PM22-00362-A_SM-L5KWU_v1.cram
SM-L7R86	M	radiant/broad/Human-WGS-CRAM-11/RADIANT_set_13_8_samples_05232022/RP-2422/WGS/SM-L7R86/v1/134555-0045560402_PM22-00363-A_SM-L7R86_v1.cram
SM-LZ26A	M	radiant/broad/Human-WGS-CRAM-12/RADIANT_set_14_10_samples_07122022/RP-2422/WGS/SM-LZ26A/v3/134715-0045699802_PM22-00477-A_SM-LZ26A_v3.cram
SM-LZ26B	F	radiant/broad/Human-WGS-CRAM-12/RADIANT_set_14_10_samples_07122022/RP-2422/WGS/SM-LZ26B/v8/134389-0045843902_PM22-00478-A_SM-LZ26B_v8.cram
SM-LZ26C	M	radiant/broad/Human-WGS-CRAM-12/RADIANT_set_15_8_samples_07262022/RP-2422/WGS/SM-LZ26C/v1/134622-0046029502_PM22-00633-A_SM-LZ26C_v1.cram
SM-LZ26D	F	radiant/broad/Human-WGS-CRAM-12/RADIANT_set_15_8_samples_07262022/RP-2422/WGS/SM-LZ26D/v1/134548-0046369902_PM22-00634-A_SM-LZ26D_v1.cram
SM-LZ26E	F	radiant/broad/Human-WGS-CRAM-12/RADIANT_set_15_8_samples_07262022/RP-2422/WGS/SM-LZ26E/v1/134897-0046320802_PM22-00635-A_SM-LZ26E_v1.cram
SM-LZ26F	F	radiant/broad/Human-WGS-CRAM-12/RADIANT_set_15_8_samples_07262022/RP-2422/WGS/SM-LZ26F/v1/134877-0046369702_PM22-00636-A_SM-LZ26F_v1.cram
SM-LZ26G	M	radiant/broad/Human-WGS-CRAM-12/RADIANT_set_15_8_samples_07262022/RP-2422/WGS/SM-LZ26G/v1/134851-0046245002_PM22-00637-A_SM-LZ26G_v1.cram
SM-LZ26H	F	radiant/broad/Human-WGS-CRAM-12/RADIANT_set_15_8_samples_07262022/RP-2422/WGS/SM-LZ26H/v1/134394-0046330502_PM22-00638-A_SM-LZ26H_v1.cram
SM-LZ26I	M	radiant/broad/Human-WGS-CRAM-12/RADIANT_set_15_8_samples_07262022/RP-2422/WGS/SM-LZ26I/v1/134807-0046150302_PM22-00639-A_SM-LZ26I_v1.cram
SM-LZ26J	F	radiant/broad/Human-WGS-CRAM-12/RADIANT_set_15_8_samples_07262022/RP-2422/WGS/SM-LZ26J/v1/134938-0046100302_PM22-00640-A_SM-LZ26J_v1.cram
SM-LZ26K	M	radiant/broad/Human-WGS-CRAM-13/RADIANT_set_16_7_samples_08162022/RP-2422/WGS/SM-LZ26K/v1/134758-0046652902_PM22-00743-A_SM-LZ26K_v1.cram
SM-LZ26L	F	radiant/broad/Human-WGS-CRAM-13/RADIANT_set_16_7_samples_08162022/RP-2422/WGS/SM-LZ26L/v1/134962-0046526502_PM22-00744-A_SM-LZ26L_v1.cram
SM-LZ26M	M	radiant/broad/Human-WGS-CRAM-13/RADIANT_set_16_7_samples_08162022/RP-2422/WGS/SM-LZ26M/v1/134709-0046589202_PM22-00745-A_SM-LZ26M_v1.cram
SM-LZ26N	M	radiant/broad/Human-WGS-CRAM-13/RADIANT_set_16_7_samples_08162022/RP-2422/WGS/SM-LZ26N/v1/134478-0046447302_PM22-00746-A_SM-LZ26N_v1.cram
SM-LZ26O	M	radiant/broad/Human-WGS-CRAM-13/RADIANT_set_16_7_samples_08162022/RP-2422/WGS/SM-LZ26O/v1/134343-0046392602_PM22-00747-A_SM-LZ26O_v1.cram
SM-LZ26P	M	radiant/broad/Human-WGS-CRAM-13/RADIANT_set_16_7_samples_08162022/RP-2422/WGS/SM-LZ26P/v1/134919-0046447102_PM22-00748-A_SM-LZ26P_v1.cram
SM-LZ26Q	M	radiant/broad/Human-WGS-CRAM-13/RADIANT_set_16_7_samples_08162022/RP-2422/WGS/SM-LZ26Q/v1/134914-0046511002_PM22-00749-A_SM-LZ26Q_v1.cram
SM-LZ26R	F	radiant/broad/Human-WGS-CRAM-14/RADIANT_set_17_7_samples_09152022/RP-2422/WGS/SM-LZ26R/v1/134978-0046776002_PM22-00895-A_SM-LZ26R_v1.cram
SM-LZ26S	F	radiant/broad/Human-WGS-CRAM-14/RADIANT_set_17_7_samples_09152022/RP-2422/WGS/SM-LZ26S/v1/134400-0046844002_PM22-00896-A_SM-LZ26S_v1.cram
SM-LZ26T	F	radiant/broad/Human-WGS-CRAM-14/RADIANT_set_17_7_samples_09152022/RP-2422/WGS/SM-LZ26T/v1/134755-0046884702_PM22-00897-A_SM-LZ26T_v1.cram
SM-LZ26U	M	radiant/broad/Human-WGS-CRAM-14/RADIANT_set_17_7_samples_09152022/RP-2422/WGS/SM-LZ26U/v1/134564-0046884402_PM22-00898-A_SM-LZ26U_v1.cram
SM-LZ26V	M	radiant/broad/Human-WGS-CRAM-14/RADIANT_set_17_7_samples_09152022/RP-2422/WGS/SM-LZ26V/v1/134849-0046930502_PM22-00899-A_SM-LZ26V_v1.cram
SM-LZ26W	F	radiant/broad/Human-WGS-CRAM-14/RADIANT_set_17_7_samples_09152022/RP-2422/WGS/SM-LZ26W/v1/134574-0046775802_PM22-00900-A_SM-LZ26W_v1.cram
SM-LZ26X	F	radiant/broad/Human-WGS-CRAM-14/RADIANT_set_17_7_samples_09152022/RP-2422/WGS/SM-LZ26X/v1/134932-0046930202_PM22-00901-A_SM-LZ26X_v1.cram
SM-LZ26Y	F	radiant/broad/Human-WGS-CRAM-15/RADIANT_set_18_6_Samples_10252022/RP-2422/WGS/SM-LZ26Y/v1/134922-0047146702_PM22-01087-A_SM-LZ26Y_v1.cram
SM-LZ26Z	M	radiant/broad/Human-WGS-CRAM-15/RADIANT_set_18_6_Samples_10252022/RP-2422/WGS/SM-LZ26Z/v1/134745-0047171902_PM22-01088-A_SM-LZ26Z_v1.cram
SM-LZ27A	M	radiant/broad/Human-WGS-CRAM-16/RADIANT_set_19_4_Samples_11152022/RP-2422/WGS/SM-LZ27A/v1/134930-0047598602_PM22-01245-A_SM-LZ27A_v1.cram
SM-LZ27B	M	radiant/broad/Human-WGS-CRAM-16/RADIANT_set_19_4_Samples_11152022/RP-2422/WGS/SM-LZ27B/v1/134237-0047598902_PM22-01246-A_SM-LZ27B_v1.cram
SM-LZ27C	F	radiant/broad/Human-WGS-CRAM-16/RADIANT_set_19_5_Samples_11102022/RP-2422/WGS/SM-LZ27C/v1/134999-0047632802_PM22-01247-A_SM-LZ27C_v1.cram
SM-LZ27D	M	radiant/broad/Human-WGS-CRAM-16/RADIANT_set_19_5_Samples_11102022/RP-2422/WGS/SM-LZ27D/v1/134945-0047633002_PM22-01248-A_SM-LZ27D_v1.cram
SM-LZ27E	M	radiant/broad/Human-WGS-CRAM-17/RADIANT_set_20_10_Samples_12292022/RP-2422/WGS/SM-LZ27E/v1/135056-0047981002_PM22-01373-A_SM-LZ27E_v1.cram
SM-LZ27F	M	radiant/broad/Human-WGS-CRAM-17/RADIANT_set_20_10_Samples_12292022/RP-2422/WGS/SM-LZ27F/v2/135006-0047807702_PM22-01374-A_SM-LZ27F_v2.cram
SM-LZ27G	F	radiant/broad/Human-WGS-CRAM-17/RADIANT_set_20_10_Samples_12292022/RP-2422/WGS/SM-LZ27G/v1/135028-0047889002_PM22-01375-A_SM-LZ27G_v1.cram
SM-LZ27H	F	radiant/broad/Human-WGS-CRAM-17/RADIANT_set_20_10_Samples_12292022/RP-2422/WGS/SM-LZ27H/v1/134663-0047898102_PM22-01376-A_SM-LZ27H_v1.cram
SM-LZ27I	F	radiant/broad/Human-WGS-CRAM-17/RADIANT_set_20_10_Samples_12292022/RP-2422/WGS/SM-LZ27I/v1/135082-0047945402_PM22-01377-A_SM-LZ27I_v1.cram
SM-LZ27J	M	radiant/broad/Human-WGS-CRAM-17/RADIANT_set_20_10_Samples_12292022/RP-2422/WGS/SM-LZ27J/v1/135017-0047782202_PM22-01378-A_SM-LZ27J_v1.cram
SM-LZ27K	F	radiant/broad/Human-WGS-CRAM-17/RADIANT_set_20_10_Samples_12292022/RP-2422/WGS/SM-LZ27K/v2/134717-0047771502_PM22-01379-A_SM-LZ27K_v2.cram
SM-LZ27L	M	radiant/broad/Human-WGS-CRAM-17/RADIANT_set_20_10_Samples_12292022/RP-2422/WGS/SM-LZ27L/v1/135004-0047920202_PM22-01380-A_SM-LZ27L_v1.cram
SM-LZ27M	F	radiant/broad/Human-WGS-CRAM-17/RADIANT_set_20_10_Samples_12292022/RP-2422/WGS/SM-LZ27M/v1/135007-0047920402_PM22-01381-A_SM-LZ27M_v1.cram
SM-LZ27N	M	radiant/broad/Human-WGS-CRAM-17/RADIANT_set_20_10_Samples_12292022/RP-2422/WGS/SM-LZ27N/v1/134859-0047784002_PM22-01382-A_SM-LZ27N_v1.cram
SM-LZ27O	F	radiant/broad/Human-WGS-CRAM-18/RADIANT_set_21_17_Samples_02222023/RP-2422/WGS/SM-LZ27O/v1/134670-0045700006_PM22-00476-B_SM-LZ27O_1.cram
SM-LZ27P	F	radiant/broad/Human-WGS-CRAM-18/RADIANT_set_21_17_Samples_02222023/RP-2422/WGS/SM-LZ27P/v1/134246-0048311302_PM22-01530-A_SM-LZ27P_1.cram
SM-LZ27Q	F	radiant/broad/Human-WGS-CRAM-18/RADIANT_set_21_17_Samples_02222023/RP-2422/WGS/SM-LZ27Q/v1/134993-0048080502_PM22-01531-A_SM-LZ27Q_1.cram
SM-LZ27R	M	radiant/broad/Human-WGS-CRAM-18/RADIANT_set_21_17_Samples_02222023/RP-2422/WGS/SM-LZ27R/v1/134950-0048033402_PM22-01532-A_SM-LZ27R_1.cram
SM-LZ27S	F	radiant/broad/Human-WGS-CRAM-18/RADIANT_set_21_17_Samples_02222023/RP-2422/WGS/SM-LZ27S/v1/135000-0048141802_PM22-01533-A_SM-LZ27S_1.cram
SM-LZ27T	F	radiant/broad/Human-WGS-CRAM-18/RADIANT_set_21_17_Samples_02222023/RP-2422/WGS/SM-LZ27T/v1/134498-0048121402_PM22-01534-A_SM-LZ27T_1.cram
SM-LZ27U	F	radiant/broad/Human-WGS-CRAM-18/RADIANT_set_21_17_Samples_02222023/RP-2422/WGS/SM-LZ27U/v1/134645-0048229002_PM22-01535-A_SM-LZ27U_1.cram
SM-LZ27V	F	radiant/broad/Human-WGS-CRAM-18/RADIANT_set_21_17_Samples_02222023/RP-2422/WGS/SM-LZ27V/v1/135062-0048189802_PM22-01536-A_SM-LZ27V_1.cram
SM-LZ27W	F	radiant/broad/Human-WGS-CRAM-18/RADIANT_set_21_17_Samples_02222023/RP-2422/WGS/SM-LZ27W/v1/134782-0048254902_PM22-01537-A_SM-LZ27W_1.cram
SM-LZ27X	M	radiant/broad/Human-WGS-CRAM-18/RADIANT_set_21_17_Samples_02222023/RP-2422/WGS/SM-LZ27X/v1/135083-0048255202_PM22-01538-A_SM-LZ27X_1.cram
SM-LZ27Y	M	radiant/broad/Human-WGS-CRAM-18/RADIANT_set_21_17_Samples_02222023/RP-2422/WGS/SM-LZ27Y/v1/135111-0048254702_PM22-01539-A_SM-LZ27Y_1.cram
SM-LZ27Z	M	radiant/broad/Human-WGS-CRAM-18/RADIANT_set_21_17_Samples_02222023/RP-2422/WGS/SM-LZ27Z/v1/135040-0048255102_PM22-01540-A_SM-LZ27Z_1.cram
SM-LZ28A	M	radiant/broad/Human-WGS-CRAM-18/RADIANT_set_22_7_Samples_02222023/RP-2422/WGS/SM-LZ28A/v1/134682-0048376502_PM23-00048-A_SM-LZ28A_1.cram
SM-LZ28B	M	radiant/broad/Human-WGS-CRAM-18/RADIANT_set_22_7_Samples_02222023/RP-2422/WGS/SM-LZ28B/v1/135219-0048489302_PM23-00049-A_SM-LZ28B_1.cram
SM-LZ28C	F	radiant/broad/Human-WGS-CRAM-18/RADIANT_set_22_7_Samples_02222023/RP-2422/WGS/SM-LZ28C/v1/135019-0048509102_PM23-00050-A_SM-LZ28C_1.cram
SM-LZ262	F	radiant/broad/Human-WGS-CRAM-12/RADIANT_set_14_10_samples_07122022/RP-2422/WGS/SM-LZ262/v3/134287-0045749602_PM22-00469-A_SM-LZ262_v3.cram
SM-LZ263	F	radiant/broad/Human-WGS-CRAM-12/RADIANT_set_14_10_samples_07122022/RP-2422/WGS/SM-LZ263/v3/134846-0045843702_PM22-00470-A_SM-LZ263_v3.cram
SM-LZ264	F	radiant/broad/Human-WGS-CRAM-12/RADIANT_set_14_10_samples_07122022/RP-2422/WGS/SM-LZ264/v4/134872-0045822102_PM22-00471-A_SM-LZ264_v4.cram
SM-LZ265	M	radiant/broad/Human-WGS-CRAM-12/RADIANT_set_14_10_samples_07122022/RP-2422/WGS/SM-LZ265/v3/134900-0045821902_PM22-00472-A_SM-LZ265_v3.cram
SM-LZ266	M	radiant/broad/Human-WGS-CRAM-12/RADIANT_set_14_10_samples_07122022/RP-2422/WGS/SM-LZ266/v3/134862-0045790702_PM22-00473-A_SM-LZ266_v3.cram
SM-LZ267	F	radiant/broad/Human-WGS-CRAM-12/RADIANT_set_14_10_samples_07122022/RP-2422/WGS/SM-LZ267/v3/134907-0045749902_PM22-00474-A_SM-LZ267_v3.cram
SM-LZ268	M	radiant/broad/Human-WGS-CRAM-12/RADIANT_set_14_10_samples_07122022/RP-2422/WGS/SM-LZ268/v6/134467-0045705702_PM22-00475-A_SM-LZ268_v6.cram
SM-LZ271	M	radiant/broad/Human-WGS-CRAM-15/RADIANT_set_18_6_Samples_10252022/RP-2422/WGS/SM-LZ271/v1/134917-0047246802_PM22-01089-A_SM-LZ271_v1.cram
SM-LZ272	M	radiant/broad/Human-WGS-CRAM-15/RADIANT_set_18_6_Samples_10252022/RP-2422/WGS/SM-LZ272/v1/134731-0047247002_PM22-01090-A_SM-LZ272_v1.cram
SM-LZ273	F	radiant/broad/Human-WGS-CRAM-15/RADIANT_set_18_6_Samples_10252022/RP-2422/WGS/SM-LZ273/v1/134732-0047247202_PM22-01091-A_SM-LZ273_v1.cram
SM-LZ274	M	radiant/broad/Human-WGS-CRAM-15/RADIANT_set_18_6_Samples_10252022/RP-2422/WGS/SM-LZ274/v1/134894-0047373502_PM22-01092-A_SM-LZ274_v1.cram
SM-LZ275	F	radiant/broad/Human-WGS-CRAM-16/RADIANT_set_19_4_Samples_11152022/RP-2422/WGS/SM-LZ275/v1/134180-0047633302_PM22-01240-A_SM-LZ275_v1.cram
SM-LZ276	F	radiant/broad/Human-WGS-CRAM-16/RADIANT_set_19_4_Samples_11152022/RP-2422/WGS/SM-LZ276/v1/135002-0047651302_PM22-01241-A_SM-LZ276_v1.cram
SM-LZ277	M	radiant/broad/Human-WGS-CRAM-16/RADIANT_set_19_5_Samples_11102022/RP-2422/WGS/SM-LZ277/v1/134739-0047526602_PM22-01242-A_SM-LZ277_v1.cram
SM-LZ278	F	radiant/broad/Human-WGS-CRAM-16/RADIANT_set_19_5_Samples_11102022/RP-2422/WGS/SM-LZ278/v1/134426-0047565202_PM22-01243-A_SM-LZ278_v1.cram
SM-LZ279	M	radiant/broad/Human-WGS-CRAM-16/RADIANT_set_19_5_Samples_11102022/RP-2422/WGS/SM-LZ279/v1/134918-0047598402_PM22-01244-A_SM-LZ279_v1.cram
SM-LZ281	F	radiant/broad/Human-WGS-CRAM-18/RADIANT_set_21_17_Samples_02222023/RP-2422/WGS/SM-LZ281/v1/134607-0048286802_PM22-01541-A_SM-LZ281_1.cram
SM-LZ282	F	radiant/broad/Human-WGS-CRAM-18/RADIANT_set_21_17_Samples_02222023/RP-2422/WGS/SM-LZ282/v1/135051-0048255502_PM22-01542-A_SM-LZ282_1.cram
SM-LZ283	F	radiant/broad/Human-WGS-CRAM-18/RADIANT_set_21_17_Samples_02222023/RP-2422/WGS/SM-LZ283/v1/134720-0048121202_PM22-01543-A_SM-LZ283_1.cram
SM-LZ284	F	radiant/broad/Human-WGS-CRAM-18/RADIANT_set_21_17_Samples_02222023/RP-2422/WGS/SM-LZ284/v1/135059-0048099902_PM22-01544-A_SM-LZ284_1.cram
SM-LZ285	F	radiant/broad/Human-WGS-CRAM-18/RADIANT_set_21_17_Samples_02222023/RP-2422/WGS/SM-LZ285/v1/135008-0048121002_PM22-01545-A_SM-LZ285_1.cram
SM-LZ286	F	radiant/broad/Human-WGS-CRAM-18/RADIANT_set_22_7_Samples_02222023/RP-2422/WGS/SM-LZ286/v1/135029-0048346302_PM23-00044-A_SM-LZ286_1.cram
SM-LZ287	M	radiant/broad/Human-WGS-CRAM-18/RADIANT_set_22_7_Samples_02222023/RP-2422/WGS/SM-LZ287/v1/135034-0048419602_PM23-00045-A_SM-LZ287_1.cram
SM-LZ288	M	radiant/broad/Human-WGS-CRAM-18/RADIANT_set_22_7_Samples_02222023/RP-2422/WGS/SM-LZ288/v1/134462-0048450202_PM23-00046-A_SM-LZ288_1.cram
SM-LZ289	F	radiant/broad/Human-WGS-CRAM-18/RADIANT_set_22_7_Samples_02222023/RP-2422/WGS/SM-LZ289/v1/135107-0048419802_PM23-00047-A_SM-LZ289_1.cram
SM-N2OM7	F	radiant/broad/Human-WGS-CRAM-19/RADIANT_set_23_21_Samples_02222023/RP-2422/WGS/SM-N2OM7/v1/135005-0048874902_PM23-00211-A_SM-N2OM7_1.cram
SM-N2OM8	M	radiant/broad/Human-WGS-CRAM-19/RADIANT_set_23_21_Samples_02222023/RP-2422/WGS/SM-N2OM8/v1/135136-0048610702_PM23-00212-A_SM-N2OM8_1.cram
SM-N2OM9	F	radiant/broad/Human-WGS-CRAM-19/RADIANT_set_23_21_Samples_02222023/RP-2422/WGS/SM-N2OM9/v1/135145-0048649102_PM23-00213-A_SM-N2OM9_1.cram
SM-N2OMA	F	radiant/broad/Human-WGS-CRAM-19/RADIANT_set_23_21_Samples_02222023/RP-2422/WGS/SM-N2OMA/v1/134804-0048648802_PM23-00214-A_SM-N2OMA_1.cram
SM-N2OMB	M	radiant/broad/Human-WGS-CRAM-19/RADIANT_set_23_21_Samples_02222023/RP-2422/WGS/SM-N2OMB/v1/134743-0048610802_PM23-00215-A_SM-N2OMB_1.cram
SM-N2OMC	F	radiant/broad/Human-WGS-CRAM-19/RADIANT_set_23_21_Samples_02222023/RP-2422/WGS/SM-N2OMC/v1/134554-0048850402_PM23-00216-A_SM-N2OMC_1.cram
SM-N2OMD	F	radiant/broad/Human-WGS-CRAM-19/RADIANT_set_23_21_Samples_02222023/RP-2422/WGS/SM-N2OMD/v1/135174-0048807202_PM23-00217-A_SM-N2OMD_1.cram
SM-N2OME	M	radiant/broad/Human-WGS-CRAM-19/RADIANT_set_23_21_Samples_02222023/RP-2422/WGS/SM-N2OME/v1/134632-0048788702_PM23-00218-A_SM-N2OME_1.cram
SM-N2OMF	F	radiant/broad/Human-WGS-CRAM-19/RADIANT_set_23_21_Samples_02222023/RP-2422/WGS/SM-N2OMF/v1/135057-0048784202_PM23-00219-A_SM-N2OMF_1.cram
SM-N2OMG	F	radiant/broad/Human-WGS-CRAM-19/RADIANT_set_23_21_Samples_02222023/RP-2422/WGS/SM-N2OMG/v1/135171-0048784502_PM23-00220-A_SM-N2OMG_1.cram
SM-N2OMH	M	radiant/broad/Human-WGS-CRAM-19/RADIANT_set_23_21_Samples_02222023/RP-2422/WGS/SM-N2OMH/v1/134335-0048754302_PM23-00221-A_SM-N2OMH_1.cram
SM-N2OMI	F	radiant/broad/Human-WGS-CRAM-19/RADIANT_set_23_21_Samples_02222023/RP-2422/WGS/SM-N2OMI/v1/135170-0048736402_PM23-00222-A_SM-N2OMI_1.cram
SM-N2OMJ	M	radiant/broad/Human-WGS-CRAM-19/RADIANT_set_23_21_Samples_02222023/RP-2422/WGS/SM-N2OMJ/v1/135033-0048736002_PM23-00223-A_SM-N2OMJ_1.cram
SM-N2OMK	M	radiant/broad/Human-WGS-CRAM-19/RADIANT_set_23_21_Samples_02222023/RP-2422/WGS/SM-N2OMK/v1/135209-0048736202_PM23-00224-A_SM-N2OMK_1.cram
SM-N2OML	M	radiant/broad/Human-WGS-CRAM-19/RADIANT_set_23_21_Samples_02222023/RP-2422/WGS/SM-N2OML/v1/135138-0048754102_PM23-00225-A_SM-N2OML_1.cram
SM-N2OMM	M	radiant/broad/Human-WGS-CRAM-19/RADIANT_set_23_21_Samples_02222023/RP-2422/WGS/SM-N2OMM/v1/135190-0048719802_PM23-00226-A_SM-N2OMM_1.cram
SM-N2OMN	F	radiant/broad/Human-WGS-CRAM-19/RADIANT_set_23_21_Samples_02222023/RP-2422/WGS/SM-N2OMN/v1/135101-0048711802_PM23-00227-A_SM-N2OMN_1.cram
SM-N2OMO	M	radiant/broad/Human-WGS-CRAM-19/RADIANT_set_23_21_Samples_02222023/RP-2422/WGS/SM-N2OMO/v1/135075-0048719702_PM23-00228-A_SM-N2OMO_1.cram
SM-N2OMP	F	radiant/broad/Human-WGS-CRAM-19/RADIANT_set_23_21_Samples_02222023/RP-2422/WGS/SM-N2OMP/v1/135201-0048711602_PM23-00229-A_SM-N2OMP_1.cram
SM-N2OMQ	M	radiant/broad/Human-WGS-CRAM-19/RADIANT_set_23_21_Samples_02222023/RP-2422/WGS/SM-N2OMQ/v1/135185-0048850602_PM23-00230-A_SM-N2OMQ_1.cram
SM-N2OMS	F	radiant/broad/Human-WGS-CRAM-19/RADIANT_set_23_21_Samples_02222023/RP-2422/WGS/SM-N2OMS/v1/135080-0048544702_PM23-00232-A_SM-N2OMS_1.cram
SM-N2OMT	M	radiant/broad/Human-WGS-CRAM-20/RADIANT_set_24_22_Samples_04242023/RP-2422/WGS/SM-N2OMT/v1/135262-0048911102_PM23-00336-A_SM-N2OMT_1.cram
SM-N2OMU	M	radiant/broad/Human-WGS-CRAM-20/RADIANT_set_24_22_Samples_04242023/RP-2422/WGS/SM-N2OMU/v1/135072-0049074302_PM23-00337-A_SM-N2OMU_1.cram
SM-N2OMV	M	radiant/broad/Human-WGS-CRAM-20/RADIANT_set_24_1_Samples_04242023/RP-2422/WGS/SM-N2OMV/v1/135240-0049090702_PM23-00338-A_SM-N2OMV_1.cram
SM-N2OMW	F	radiant/broad/Human-WGS-CRAM-20/RADIANT_set_24_22_Samples_04242023/RP-2422/WGS/SM-N2OMW/v1/135125-0049090902_PM23-00339-A_SM-N2OMW_1.cram
SM-N2OMX	M	radiant/broad/Human-WGS-CRAM-20/RADIANT_set_24_22_Samples_04242023/RP-2422/WGS/SM-N2OMX/v1/135123-0048990102_PM23-00340-A_SM-N2OMX_1.cram
SM-N2OMY	F	radiant/broad/Human-WGS-CRAM-20/RADIANT_set_24_22_Samples_04242023/RP-2422/WGS/SM-N2OMY/v1/135143-0049018802_PM23-00341-A_SM-N2OMY_1.cram
SM-N2OMZ	M	radiant/broad/Human-WGS-CRAM-20/RADIANT_set_24_22_Samples_04242023/RP-2422/WGS/SM-N2OMZ/v1/135242-0048990302_PM23-00342-A_SM-N2OMZ_1.cram
SM-N2ON1	M	radiant/broad/Human-WGS-CRAM-20/RADIANT_set_24_22_Samples_04242023/RP-2422/WGS/SM-N2ON1/v1/135200-0048960902_PM23-00343-A_SM-N2ON1_1.cram
SM-N2ON2	F	radiant/broad/Human-WGS-CRAM-20/RADIANT_set_24_22_Samples_04242023/RP-2422/WGS/SM-N2ON2/v1/134573-0049145102_PM23-00344-A_SM-N2ON2_1.cram
SM-N2ON3	M	radiant/broad/Human-WGS-CRAM-20/RADIANT_set_24_22_Samples_04242023/RP-2422/WGS/SM-N2ON3/v1/135142-0049073902_PM23-00345-A_SM-N2ON3_1.cram
SM-N2ON4	F	radiant/broad/Human-WGS-CRAM-20/RADIANT_set_24_22_Samples_04242023/RP-2422/WGS/SM-N2ON4/v1/135217-0049073702_PM23-00346-A_SM-N2ON4_1.cram
SM-N2ON5	F	radiant/broad/Human-WGS-CRAM-20/RADIANT_set_24_22_Samples_04242023/RP-2422/WGS/SM-N2ON5/v1/135067-0049043802_PM23-00347-A_SM-N2ON5_1.cram
SM-N2ON6	F	radiant/broad/Human-WGS-CRAM-20/RADIANT_set_24_22_Samples_04242023/RP-2422/WGS/SM-N2ON6/v1/134906-0049145702_PM23-00348-A_SM-N2ON6_1.cram
SM-N2ON7	F	radiant/broad/Human-WGS-CRAM-20/RADIANT_set_24_22_Samples_04242023/RP-2422/WGS/SM-N2ON7/v1/135089-0049145302_PM23-00349-A_SM-N2ON7_1.cram
SM-N2ON8	F	radiant/broad/Human-WGS-CRAM-20/RADIANT_set_24_22_Samples_04242023/RP-2422/WGS/SM-N2ON8/v1/135260-0049145502_PM23-00350-A_SM-N2ON8_1.cram
SM-N2ON9	M	radiant/broad/Human-WGS-CRAM-20/RADIANT_set_24_22_Samples_04242023/RP-2422/WGS/SM-N2ON9/v1/135134-0048961202_PM23-00351-A_SM-N2ON9_1.cram
SM-N2ONA	F	radiant/broad/Human-WGS-CRAM-20/RADIANT_set_24_22_Samples_04242023/RP-2422/WGS/SM-N2ONA/v1/135127-0049203602_PM23-00352-A_SM-N2ONA_1.cram
SM-N2ONC	F	radiant/broad/Human-WGS-CRAM-20/RADIANT_set_24_22_Samples_04242023/RP-2422/WGS/SM-N2ONC/v1/135151-0048926702_PM23-00354-A_SM-N2ONC_1.cram
SM-N2OND	M	radiant/broad/Human-WGS-CRAM-20/RADIANT_set_24_22_Samples_04242023/RP-2422/WGS/SM-N2OND/v1/134481-0048989902_PM23-00355-A_SM-N2OND_1.cram
SM-N2ONE	M	radiant/broad/Human-WGS-CRAM-20/RADIANT_set_24_22_Samples_04242023/RP-2422/WGS/SM-N2ONE/v1/135211-0049074102_PM23-00356-A_SM-N2ONE_1.cram
SM-N2ONF	M	radiant/broad/Human-WGS-CRAM-20/RADIANT_set_24_22_Samples_04242023/RP-2422/WGS/SM-N2ONF/v1/135178-0049018602_PM23-00357-A_SM-N2ONF_1.cram
SM-N2ONG	F	radiant/broad/Human-WGS-CRAM-20/RADIANT_set_24_22_Samples_04242023/RP-2422/WGS/SM-N2ONG/v1/134688-0049118202_PM23-00358-A_SM-N2ONG_1.cram
SM-N2ONH	F	radiant/broad/Human-WGS-CRAM-21/RADIANT_set_25_12_Samples_05122023/RP-2422/WGS/SM-N2ONH/v1/135044-0049215802_PM23-00509-A_SM-N2ONH_1.cram
SM-N2ONI	M	radiant/broad/Human-WGS-CRAM-21/RADIANT_set_25_12_Samples_05122023/RP-2422/WGS/SM-N2ONI/v1/135228-0049322502_PM23-00510-A_SM-N2ONI_1.cram
SM-N2ONJ	F	radiant/broad/Human-WGS-CRAM-21/RADIANT_set_25_12_Samples_05122023/RP-2422/WGS/SM-N2ONJ/v1/134545-0049346702_PM23-00511-A_SM-N2ONJ_1.cram
SM-N2ONK	F	radiant/broad/Human-WGS-CRAM-21/RADIANT_set_25_12_Samples_05122023/RP-2422/WGS/SM-N2ONK/v1/134923-0049322702_PM23-00512-A_SM-N2ONK_1.cram
SM-N2ONL	F	radiant/broad/Human-WGS-CRAM-21/RADIANT_set_25_12_Samples_05122023/RP-2422/WGS/SM-N2ONL/v1/135294-0049346502_PM23-00513-A_SM-N2ONL_1.cram
SM-N2ONM	M	radiant/broad/Human-WGS-CRAM-21/RADIANT_set_25_12_Samples_05122023/RP-2422/WGS/SM-N2ONM/v1/134265-0049346902_PM23-00514-A_SM-N2ONM_1.cram
SM-N2ONN	M	radiant/broad/Human-WGS-CRAM-21/RADIANT_set_25_12_Samples_05122023/RP-2422/WGS/SM-N2ONN/v1/135243-0049565602_PM23-00515-A_SM-N2ONN_1.cram
SM-N2ONO	F	radiant/broad/Human-WGS-CRAM-21/RADIANT_set_25_2_Samples_06072023/RP-2422/WGS/SM-N2ONO/v1/135120-0049406102_PM23-00516-A_SM-N2ONO_1.cram
SM-N2ONP	F	radiant/broad/Human-WGS-CRAM-21/RADIANT_set_25_12_Samples_05122023/RP-2422/WGS/SM-N2ONP/v1/135210-0049542302_PM23-00517-A_SM-N2ONP_1.cram
SM-N2ONQ	M	radiant/broad/Human-WGS-CRAM-21/RADIANT_set_25_12_Samples_05122023/RP-2422/WGS/SM-N2ONQ/v1/135131-0049600502_PM23-00518-A_SM-N2ONQ_1.cram
SM-N2ONR	F	radiant/broad/Human-WGS-CRAM-21/RADIANT_set_25_12_Samples_05122023/RP-2422/WGS/SM-N2ONR/v1/134792-0049282402_PM23-00519-A_SM-N2ONR_1.cram
SM-N2ONS	M	radiant/broad/Human-WGS-CRAM-21/RADIANT_set_25_12_Samples_05122023/RP-2422/WGS/SM-N2ONS/v1/135278-0049322202_PM23-00520-A_SM-N2ONS_1.cram
SM-N2ONT	F	radiant/broad/Human-WGS-CRAM-21/RADIANT_set_25_2_Samples_05312023/RP-2422/WGS/SM-N2ONT/v3/135207-0049303902_PM23-00521-A_SM-N2ONT_3.cram
SM-N2ONU	M	radiant/broad/Human-WGS-CRAM-21/RADIANT_set_25_2_Samples_06072023/RP-2422/WGS/SM-N2ONU/v1/135308-0049303702_PM23-00522-A_SM-N2ONU_1.cram
SM-N2ONV	M	radiant/broad/Human-WGS-CRAM-21/RADIANT_set_25_2_Samples_05312023/RP-2422/WGS/SM-N2ONV/v2/135270-0049286602_PM23-00523-A_SM-N2ONV_2.cram
SM-N2ONW	F	radiant/broad/Human-WGS-CRAM-21/RADIANT_set_25_12_Samples_05122023/RP-2422/WGS/SM-N2ONW/v1/135110-0048610402_PM23-00231-B_SM-N2ONW_1.cram
SM-N2ONX	M	radiant/broad/Human-WGS-CRAM-22/RADIANT_set_26_3_Samples_07072023/RP-2422/WGS/SM-N2ONX/v3/135100-0049892202_PM23-00679-A_SM-N2ONX_3.cram
SM-N2ONY	M	radiant/broad/Human-WGS-CRAM-22/RADIANT_set_26_8_Samples_06072023/RP-2422/WGS/SM-N2ONY/v1/135233-0049635602_PM23-00680-A_SM-N2ONY_1.cram
SM-N2ONZ	F	radiant/broad/Human-WGS-CRAM-22/RADIANT_set_26_7_Samples_06222023/RP-2422/WGS/SM-N2ONZ/v1/135206-0049615202_PM23-00681-A_SM-N2ONZ_1.cram
SM-N2OO1	M	radiant/broad/Human-WGS-CRAM-22/RADIANT_set_26_3_Samples_07072023/RP-2422/WGS/SM-N2OO1/v2/135322-0049615002_PM23-00682-A_SM-N2OO1_2.cram
SM-N2OO2	M	radiant/broad/Human-WGS-CRAM-22/RADIANT_set_26_3_Samples_07072023/RP-2422/WGS/SM-N2OO2/v4/135312-0049457802_PM23-00683-A_SM-N2OO2_4.cram
SM-N2OO3	F	radiant/broad/Human-WGS-CRAM-22/RADIANT_set_26_8_Samples_06072023/RP-2422/WGS/SM-N2OO3/v1/135014-0049752202_PM23-00684-A_SM-N2OO3_1.cram
SM-N2OO4	F	radiant/broad/Human-WGS-CRAM-22/RADIANT_set_26_7_Samples_06222023/RP-2422/WGS/SM-N2OO4/v1/134463-0049752002_PM23-00685-A_SM-N2OO4_1.cram
SM-N2OO5	M	radiant/broad/Human-WGS-CRAM-22/RADIANT_set_26_7_Samples_06222023/RP-2422/WGS/SM-N2OO5/v1/134741-0049706902_PM23-00686-A_SM-N2OO5_1.cram
SM-N2OO6	M	radiant/broad/Human-WGS-CRAM-22/RADIANT_set_26_7_Samples_06222023/RP-2422/WGS/SM-N2OO6/v2/135271-0049739202_PM23-00687-A_SM-N2OO6_2.cram
SM-N2OO7	M	radiant/broad/Human-WGS-CRAM-22/RADIANT_set_26_8_Samples_06072023/RP-2422/WGS/SM-N2OO7/v1/135180-0049707102_PM23-00688-A_SM-N2OO7_1.cram
SM-N2OO8	F	radiant/broad/Human-WGS-CRAM-22/RADIANT_set_26_8_Samples_06072023/RP-2422/WGS/SM-N2OO8/v1/134406-0049651602_PM23-00689-A_SM-N2OO8_1.cram
SM-N2OO9	M	radiant/broad/Human-WGS-CRAM-22/RADIANT_set_26_8_Samples_06072023/RP-2422/WGS/SM-N2OO9/v1/135133-0049792402_PM23-00690-A_SM-N2OO9_1.cram
SM-N2OOA	M	radiant/broad/Human-WGS-CRAM-22/RADIANT_set_26_7_Samples_06222023/RP-2422/WGS/SM-N2OOA/v1/135053-0049813202_PM23-00691-A_SM-N2OOA_1.cram
SM-N2OOB	F	radiant/broad/Human-WGS-CRAM-22/RADIANT_set_26_8_Samples_06072023/RP-2422/WGS/SM-N2OOB/v1/135281-0049810102_PM23-00692-A_SM-N2OOB_1.cram
SM-N2OOC	F	radiant/broad/Human-WGS-CRAM-22/RADIANT_set_26_7_Samples_06222023/RP-2422/WGS/SM-N2OOC/v1/135323-0049825502_PM23-00693-A_SM-N2OOC_1.cram
SM-N2OOD	F	radiant/broad/Human-WGS-CRAM-22/RADIANT_set_26_8_Samples_06072023/RP-2422/WGS/SM-N2OOD/v1/135284-0049851402_PM23-00694-A_SM-N2OOD_1.cram
SM-N2OOE	M	radiant/broad/Human-WGS-CRAM-22/RADIANT_set_26_7_Samples_06222023/RP-2422/WGS/SM-N2OOE/v1/135149-0049751802_PM23-00695-A_SM-N2OOE_1.cram
SM-N2OOF	M	radiant/broad/Human-WGS-CRAM-22/RADIANT_set_26_8_Samples_06072023/RP-2422/WGS/SM-N2OOF/v1/135331-0049739002_PM23-00696-A_SM-N2OOF_1.cram
SM-N2OOG	F	radiant/broad/Human-WGS-CRAM-23/RADIANT_set_27_18_Samples_07182023/RP-2422/WGS/SM-N2OOG/v1/134866-0049937902_PM23-00883-A_SM-N2OOG_1.cram
SM-N2OOH	F	radiant/broad/Human-WGS-CRAM-23/RADIANT_set_27_18_Samples_07182023/RP-2422/WGS/SM-N2OOH/v1/135392-0050198002_PM23-00884-A_SM-N2OOH_1.cram
SM-N2OOI	M	radiant/broad/Human-WGS-CRAM-23/RADIANT_set_27_18_Samples_07182023/RP-2422/WGS/SM-N2OOI/v1/135342-0049962602_PM23-00885-A_SM-N2OOI_1.cram
SM-N2OOJ	M	radiant/broad/Human-WGS-CRAM-23/RADIANT_set_27_18_Samples_07182023/RP-2422/WGS/SM-N2OOJ/v1/135334-0049962802_PM23-00886-A_SM-N2OOJ_1.cram
SM-N2OOK	M	radiant/broad/Human-WGS-CRAM-23/RADIANT_set_27_18_Samples_07182023/RP-2422/WGS/SM-N2OOK/v1/135352-0049991102_PM23-00887-A_SM-N2OOK_1.cram
SM-N2OOL	F	radiant/broad/Human-WGS-CRAM-23/RADIANT_set_27_18_Samples_07182023/RP-2422/WGS/SM-N2OOL/v1/135348-0049963002_PM23-00888-A_SM-N2OOL_1.cram
SM-N2OOM	M	radiant/broad/Human-WGS-CRAM-23/RADIANT_set_27_18_Samples_07182023/RP-2422/WGS/SM-N2OOM/v2/135150-0049963302_PM23-00889-A_SM-N2OOM_2.cram
SM-N2OON	M	radiant/broad/Human-WGS-CRAM-23/RADIANT_set_27_18_Samples_07182023/RP-2422/WGS/SM-N2OON/v1/135386-0049991302_PM23-00890-A_SM-N2OON_1.cram
SM-N8UE7	M	radiant/broad/Human-WGS-CRAM-23/RADIANT_set_27_18_Samples_07182023/RP-2422/WGS/SM-N8UE7/v1/135091-0050037502_PM23-00891-A_SM-N8UE7_1.cram
SM-N8UE8	M	radiant/broad/Human-WGS-CRAM-23/RADIANT_set_27_18_Samples_07182023/RP-2422/WGS/SM-N8UE8/v1/134257-0050144802_PM23-00892-A_SM-N8UE8_1.cram
SM-N8UEA	F	radiant/broad/Human-WGS-CRAM-23/RADIANT_set_27_18_Samples_07182023/RP-2422/WGS/SM-N8UEA/v1/135397-0050098402_PM23-00894-A_SM-N8UEA_1.cram
SM-N8UEB	F	radiant/broad/Human-WGS-CRAM-23/RADIANT_set_27_18_Samples_07182023/RP-2422/WGS/SM-N8UEB/v1/135280-0050098202_PM23-00895-A_SM-N8UEB_1.cram
SM-N8UEC	M	radiant/broad/Human-WGS-CRAM-23/RADIANT_set_27_18_Samples_07182023/RP-2422/WGS/SM-N8UEC/v1/135324-0050053802_PM23-00896-A_SM-N8UEC_1.cram
SM-N8UED	M	radiant/broad/Human-WGS-CRAM-23/RADIANT_set_27_18_Samples_07182023/RP-2422/WGS/SM-N8UED/v1/135192-0050067902_PM23-00897-A_SM-N8UED_1.cram
SM-N8UEE	F	radiant/broad/Human-WGS-CRAM-23/RADIANT_set_27_18_Samples_07182023/RP-2422/WGS/SM-N8UEE/v1/135084-0050151302_PM23-00898-A_SM-N8UEE_1.cram
SM-N8UEF	M	radiant/broad/Human-WGS-CRAM-23/RADIANT_set_27_18_Samples_07182023/RP-2422/WGS/SM-N8UEF/v1/135187-0050165802_PM23-00899-A_SM-N8UEF_1.cram
SM-N8UEG	F	radiant/broad/Human-WGS-CRAM-23/RADIANT_set_27_18_Samples_07182023/RP-2422/WGS/SM-N8UEG/v1/135282-0049938102_PM23-00900-A_SM-N8UEG_1.cram
SM-N8UEH	F	radiant/broad/Human-WGS-CRAM-24/RADIANT_set_28_9_Samples_08042023/RP-2422/WGS/SM-N8UEH/v1/135147-0050432002_PM23-00996-A_SM-N8UEH_1.cram
SM-N8UEI	M	radiant/broad/Human-WGS-CRAM-24/RADIANT_set_28_1_Sample_08162023/RP-2422/WGS/SM-N8UEI/v2/135418-0050262602_PM23-00997-A_SM-N8UEI_2.cram
SM-N8UEJ	M	radiant/broad/Human-WGS-CRAM-24/RADIANT_set_28_9_Samples_08042023/RP-2422/WGS/SM-N8UEJ/v1/135415-0050432402_PM23-00998-A_SM-N8UEJ_1.cram
SM-N8UEK	M	radiant/broad/Human-WGS-CRAM-24/RADIANT_set_28_9_Samples_08042023/RP-2422/WGS/SM-N8UEK/v1/135394-0050440802_PM23-00999-A_SM-N8UEK_1.cram
SM-N8UEL	M	radiant/broad/Human-WGS-CRAM-24/RADIANT_set_28_9_Samples_08042023/RP-2422/WGS/SM-N8UEL/v1/135277-0050372002_PM23-01000-A_SM-N8UEL_1.cram
SM-N8UEM	M	radiant/broad/Human-WGS-CRAM-24/RADIANT_set_28_9_Samples_08042023/RP-2422/WGS/SM-N8UEM/v1/134865-0050408502_PM23-01001-A_SM-N8UEM_1.cram
SM-N8UEN	F	radiant/broad/Human-WGS-CRAM-24/RADIANT_set_28_9_Samples_08042023/RP-2422/WGS/SM-N8UEN/v1/135189-0050408302_PM23-01002-A_SM-N8UEN_1.cram
SM-N8UEO	M	radiant/broad/Human-WGS-CRAM-24/RADIANT_set_28_9_Samples_08042023/RP-2422/WGS/SM-N8UEO/v1/135351-0050432202_PM23-01003-A_SM-N8UEO_1.cram
SM-N8UEP	F	radiant/broad/Human-WGS-CRAM-24/RADIANT_set_28_9_Samples_08042023/RP-2422/WGS/SM-N8UEP/v1/135358-0050279602_PM23-01004-A_SM-N8UEP_1.cram
SM-N8UEQ	F	radiant/broad/Human-WGS-CRAM-24/RADIANT_set_28_9_Samples_08042023/RP-2422/WGS/SM-N8UEQ/v1/135167-0050441002_PM23-01005-A_SM-N8UEQ_1.cram
SM-N8UER	F	radiant/broad/Human-WGS-CRAM-25/RADIANT_set_29_9_Samples_08302023/RP-2422/WGS/SM-N8UER/v1/135430-0050855702_PM23-01124-A_SM-N8UER_1.cram
SM-N8UES	F	radiant/broad/Human-WGS-CRAM-25/RADIANT_set_29_9_Samples_08302023/RP-2422/WGS/SM-N8UES/v1/135183-0050540702_PM23-01125-A_SM-N8UES_1.cram
SM-N8UET	M	radiant/broad/Human-WGS-CRAM-25/RADIANT_set_29_9_Samples_08302023/RP-2422/WGS/SM-N8UET/v1/135383-0050533102_PM23-01126-A_SM-N8UET_1.cram
SM-N8UEU	M	radiant/broad/Human-WGS-CRAM-25/RADIANT_set_29_9_Samples_08302023/RP-2422/WGS/SM-N8UEU/v1/134701-0050522102_PM23-01127-A_SM-N8UEU_1.cram
SM-N8UEV	F	radiant/broad/Human-WGS-CRAM-25/RADIANT_set_29_9_Samples_08302023/RP-2422/WGS/SM-N8UEV/v1/134764-0050782502_PM23-01128-A_SM-N8UEV_1.cram
SM-N8UEW	F	radiant/broad/Human-WGS-CRAM-25/RADIANT_set_29_9_Samples_08302023/RP-2422/WGS/SM-N8UEW/v1/135453-0050830102_PM23-01129-A_SM-N8UEW_1.cram
SM-N8UEX	M	radiant/broad/Human-WGS-CRAM-25/RADIANT_set_29_9_Samples_08302023/RP-2422/WGS/SM-N8UEX/v1/134867-0050754902_PM23-01130-A_SM-N8UEX_1.cram
SM-N8UEY	M	radiant/broad/Human-WGS-CRAM-25/RADIANT_set_29_9_Samples_08302023/RP-2422/WGS/SM-N8UEY/v1/135119-0050631602_PM23-01131-A_SM-N8UEY_1.cram
SM-N8UEZ	F	radiant/broad/Human-WGS-CRAM-25/RADIANT_set_29_9_Samples_08302023/RP-2422/WGS/SM-N8UEZ/v1/135220-0050672502_PM23-01132-A_SM-N8UEZ_1.cram
SM-N8UF1	F	radiant/broad/Human-WGS-CRAM-26/RADIANT_set_30_8_Samples_10102023/RP-2422/WGS/SM-N8UF1/v1/135501-0051203402_PM23-01319-A_SM-N8UF1_1.cram
SM-N8UF2	F	radiant/broad/Human-WGS-CRAM-26/RADIANT_set_30_8_Samples_10102023/RP-2422/WGS/SM-N8UF2/v1/135460-0051135102_PM23-01320-A_SM-N8UF2_1.cram
SM-N8UF4	M	radiant/broad/Human-WGS-CRAM-26/RADIANT_set_30_8_Samples_10102023/RP-2422/WGS/SM-N8UF4/v1/134888-0050925902_PM23-01322-A_SM-N8UF4_1.cram
SM-N8UF5	M	radiant/broad/Human-WGS-CRAM-26/RADIANT_set_30_8_Samples_10102023/RP-2422/WGS/SM-N8UF5/v2/135498-0051178002_PM23-01323-A_SM-N8UF5_2.cram
SM-N8UF6	F	radiant/broad/Human-WGS-CRAM-26/RADIANT_set_30_8_Samples_10102023/RP-2422/WGS/SM-N8UF6/v1/135362-0051152602_PM23-01324-A_SM-N8UF6_1.cram
SM-N8UF7	F	radiant/broad/Human-WGS-CRAM-26/RADIANT_set_30_8_Samples_10102023/RP-2422/WGS/SM-N8UF7/v2/135476-0051152402_PM23-01325-A_SM-N8UF7_2.cram
SM-N8UF8	M	radiant/broad/Human-WGS-CRAM-26/RADIANT_set_30_8_Samples_10102023/RP-2422/WGS/SM-N8UF8/v3/135234-0051203202_PM23-01326-A_SM-N8UF8_3.cram
SM-N8UF9	F	radiant/broad/Human-WGS-CRAM-26/RADIANT_set_30_8_Samples_10102023/RP-2422/WGS/SM-N8UF9/v1/135197-0050976902_PM23-01327-A_SM-N8UF9_1.cram
SM-N8UFA	F	radiant/broad/Human-WGS-CRAM-27/RADIANT_set_31_10_Samples_11092023/RP-2422/WGS/SM-N8UFA/v1/135245-0051459302_PM23-01466-A_SM-N8UFA_1.cram
SM-N8UFB	F	radiant/broad/Human-WGS-CRAM-27/RADIANT_set_31_1_Sample_11222023/RP-2422/WGS/SM-N8UFB/v4/134791-0051364202_PM23-01467-A_SM-N8UFB_4.cram
SM-N8UFC	M	radiant/broad/Human-WGS-CRAM-27/RADIANT_set_31_3_Samples_11162023/RP-2422/WGS/SM-N8UFC/v2/135431-0051404802_PM23-01468-A_SM-N8UFC_2.cram
SM-N8UFD	F	radiant/broad/Human-WGS-CRAM-27/RADIANT_set_31_10_Samples_11092023/RP-2422/WGS/SM-N8UFD/v2/135413-0051385902_PM23-01469-A_SM-N8UFD_2.cram
SM-N8UFE	M	radiant/broad/Human-WGS-CRAM-27/RADIANT_set_31_3_Samples_11162023/RP-2422/WGS/SM-N8UFE/v2/135319-0051279902_PM23-01470-A_SM-N8UFE_2.cram
SM-N8UFF	M	radiant/broad/Human-WGS-CRAM-27/RADIANT_set_31_10_Samples_11092023/RP-2422/WGS/SM-N8UFF/v1/135424-0051521002_PM23-01471-A_SM-N8UFF_1.cram
SM-N8UFG	F	radiant/broad/Human-WGS-CRAM-27/RADIANT_set_31_3_Samples_11162023/RP-2422/WGS/SM-N8UFG/v2/135464-0051405002_PM23-01472-A_SM-N8UFG_2.cram
SM-N8UFI	F	radiant/broad/Human-WGS-CRAM-27/RADIANT_set_31_10_Samples_11092023/RP-2422/WGS/SM-N8UFI/v1/134275-0051543802_PM23-01474-A_SM-N8UFI_1.cram
SM-N8UFJ	M	radiant/broad/Human-WGS-CRAM-27/RADIANT_set_31_10_Samples_11092023/RP-2422/WGS/SM-N8UFJ/v1/135218-0051405202_PM23-01475-A_SM-N8UFJ_1.cram
SM-N8UFK	F	radiant/broad/Human-WGS-CRAM-27/RADIANT_set_31_10_Samples_11092023/RP-2422/WGS/SM-N8UFK/v1/135512-0051612502_PM23-01476-A_SM-N8UFK_1.cram
SM-N8UFL	M	radiant/broad/Human-WGS-CRAM-27/RADIANT_set_31_10_Samples_11092023/RP-2422/WGS/SM-N8UFL/v1/135356-0051593002_PM23-01477-A_SM-N8UFL_1.cram
SM-N8UFM	F	radiant/broad/Human-WGS-CRAM-27/RADIANT_set_31_10_Samples_11092023/RP-2422/WGS/SM-N8UFM/v1/134858-0051510302_PM23-01478-A_SM-N8UFM_1.cram
SM-N8UFN	M	radiant/broad/Human-WGS-CRAM-27/RADIANT_set_31_10_Samples_11092023/RP-2422/WGS/SM-N8UFN/v1/134505-0051510502_PM23-01479-A_SM-N8UFN_1.cram
SM-N8UFO	F	radiant/broad/Human-WGS-CRAM-27/RADIANT_set_31_10_Samples_11092023/RP-2422/WGS/SM-N8UFO/v1/135404-0051510102_PM23-01480-A_SM-N8UFO_1.cram
SM-N8UFP	M	radiant/broad/Human-WGS-CRAM-28/RADIANT_Set032_10samples_CRAM/135222-0051826302_PM23-01686-A_SM-N8UFP_SDSM-CP.cram
SM-N8UFQ	M	radiant/broad/Human-WGS-CRAM-28/RADIANT_Set032_10samples_CRAM/135421-0051643302_PM23-01687-A_SM-N8UFQ_SDSM-CQ.cram
SM-N8UFR	F	radiant/broad/Human-WGS-CRAM-28/RADIANT_Set032_10samples_CRAM/135116-0051957102_PM23-01688-A_SM-N8UFR_SDSM-CR.cram
SM-N8UFS	F	radiant/broad/Human-WGS-CRAM-28/RADIANT_Set032_10samples_CRAM/135535-0051982802_PM23-01689-A_SM-N8UFS_SDSM-CS.cram
SM-N8UFT	M	radiant/broad/Human-WGS-CRAM-28/RADIANT_Set032_10samples_CRAM/135552-0052048802_PM23-01690-A_SM-N8UFT_SDSM-CT.cram
SM-N8UFU	F	radiant/broad/Human-WGS-CRAM-28/RADIANT_Set032_10samples_CRAM/135026-0051730802_PM23-01691-A_SM-N8UFU_SDSM-CU.cram
SM-N8UFV	M	radiant/broad/Human-WGS-CRAM-28/RADIANT_Set032_10samples_CRAM/135524-0051714602_PM23-01692-A_SM-N8UFV_SDSM-CV.cram
SM-N8UFW	F	radiant/broad/Human-WGS-CRAM-28/RADIANT_Set032_10samples_CRAM/135584-0051789702_PM23-01693-A_SM-N8UFW_SDSM-CW.cram
SM-N8UFX	M	radiant/broad/Human-WGS-CRAM-28/RADIANT_Set032_10samples_CRAM/135547-0051742402_PM23-01694-A_SM-N8UFX_SDSM-CX.cram
SM-N8UFY	M	radiant/broad/Human-WGS-CRAM-28/RADIANT_Set032_10samples_CRAM/135517-0051789502_PM23-01695-A_SM-N8UFY_SDSM-CY.cram
SM-N8UFZ	F	radiant/broad/Human-WGS-CRAM-29/RADIANT_Set033_11samples_CRAM/135631-0052089302_PM23-01839-A_SM-N8UFZ_SDSM-EQ.cram
SM-N8UG1	F	radiant/broad/Human-WGS-CRAM-29/RADIANT_Set033_11samples_CRAM/135470-0052091802_PM23-01840-A_SM-N8UG1_SDSM-ER.cram
SM-N8UG2	M	radiant/broad/Human-WGS-CRAM-29/RADIANT_Set033_11samples_CRAM/135626-0052106102_PM23-01841-A_SM-N8UG2_SDSM-ES.cram
SM-N8UG3	F	radiant/broad/Human-WGS-CRAM-29/RADIANT_Set033_11samples_CRAM/134955-0052130402_PM23-01842-A_SM-N8UG3_SDSM-ET.cram
SM-N8UG4	F	radiant/broad/Human-WGS-CRAM-29/RADIANT_Set033_11samples_CRAM/135589-0052160402_PM23-01843-A_SM-N8UG4_SDSM-EU.cram
SM-N8UG5	M	radiant/broad/Human-WGS-CRAM-29/RADIANT_Set033_11samples_CRAM/135711-0052171102_PM23-01844-A_SM-N8UG5_SDSM-EV.cram
SM-N8UG6	F	radiant/broad/Human-WGS-CRAM-29/RADIANT_Set033_11samples_CRAM/135604-0052223302_PM23-01845-A_SM-N8UG6_SDSM-EW.cram
SM-N8UG7	F	radiant/broad/Human-WGS-CRAM-29/RADIANT_Set033_11samples_CRAM/135511-0052234402_PM23-01846-A_SM-N8UG7_SDSM-EX.cram
SM-N8UG8	M	radiant/broad/Human-WGS-CRAM-29/RADIANT_Set033_11samples_CRAM/135575-0052245102_PM23-01847-A_SM-N8UG8_SDSM-EY.cram
SM-N8UG9	F	radiant/broad/Human-WGS-CRAM-29/RADIANT_Set033_11samples_CRAM/135473-0052245302_PM23-01848-A_SM-N8UG9_SDSM-EZ.cram
SM-N8UGA	M	radiant/broad/Human-WGS-CRAM-29/RADIANT_Set033_11samples_CRAM/135478-0052289302_PM23-01849-A_SM-N8UGA_SDSM-F1.cram
SM-N8UGD	F	radiant/broad/Human-WGS-CRAM-30/RADIANT_Set034_17samples_CRAM/135393-0052446802_PM24-00084-A_SM-N8UGD_SDSM-G7.cram
SM-N8UGE	M	radiant/broad/Human-WGS-CRAM-30/RADIANT_Set034_17samples_CRAM/135115-0052404002_PM24-00085-A_SM-N8UGE_SDSM-G8.cram
SM-N8UGF	M	radiant/broad/Human-WGS-CRAM-30/RADIANT_Set034_17samples_CRAM/135695-0052468402_PM24-00086-A_SM-N8UGF_SDSM-G9.cram
SM-N8UGG	M	radiant/broad/Human-WGS-CRAM-30/RADIANT_Set034_17samples_CRAM/135668-0052468202_PM24-00087-A_SM-N8UGG_SDSM-GA.cram
SM-N8UGH	F	radiant/broad/Human-WGS-CRAM-30/RADIANT_Set034_17samples_CRAM/135601-0052467802_PM24-00088-A_SM-N8UGH_SDSM-GB.cram
SM-N8UGI	M	radiant/broad/Human-WGS-CRAM-30/RADIANT_Set034_17samples_CRAM/135372-0052404402_PM24-00089-A_SM-N8UGI_SDSM-GC.cram
SM-N8UGJ	F	radiant/broad/Human-WGS-CRAM-30/RADIANT_Set034_17samples_CRAM/134998-0052578602_PM24-00090-A_SM-N8UGJ_SDSM-GD.cram
SM-N8UGK	F	radiant/broad/Human-WGS-CRAM-30/RADIANT_Set034_17samples_CRAM/135313-0052468002_PM24-00091-A_SM-N8UGK_SDSM-GE.cram
SM-N8UGL	F	radiant/broad/Human-WGS-CRAM-30/RADIANT_Set034_17samples_CRAM/134887-0052551702_PM24-00092-A_SM-N8UGL_SDSM-GF.cram
SM-N8UGM	M	radiant/broad/Human-WGS-CRAM-30/RADIANT_Set034_17samples_CRAM/135506-0052518102_PM24-00093-A_SM-N8UGM_SDSM-GG.cram
SM-N8UGN	F	radiant/broad/Human-WGS-CRAM-30/RADIANT_Set034_17samples_CRAM/135514-0052517902_PM24-00094-A_SM-N8UGN_SDSM-GH.cram
SM-N8UGO	M	radiant/broad/Human-WGS-CRAM-30/RADIANT_Set034_17samples_CRAM/135707-0052404202_PM24-00095-A_SM-N8UGO_SDSM-GI.cram
SM-N8UGP	M	radiant/broad/Human-WGS-CRAM-30/RADIANT_Set034_17samples_CRAM/135684-0052365502_PM24-00096-A_SM-N8UGP_SDSM-GJ.cram
SM-N8UGS	M	radiant/broad/Human-WGS-CRAM-31/RADIANT_Set035_14samples_CRAM/134198-0359493977_PM24-00181-A_SM-N8UGS_SDSM-LC.cram
SM-N8UGU	M	radiant/broad/Human-WGS-CRAM-31/RADIANT_Set035_14samples_CRAM/135718-0052920102_PM24-00306-A_SM-N8UGU_SDSM-N7.cram
SM-N8UGV	F	radiant/broad/Human-WGS-CRAM-31/RADIANT_Set035_14samples_CRAM/135634-0052670702_PM24-00307-A_SM-N8UGV_SDSM-N8.cram
SM-N8UGW	M	radiant/broad/Human-WGS-CRAM-31/RADIANT_Set035_14samples_CRAM/135685-0052729302_PM24-00308-A_SM-N8UGW_SDSM-N9.cram
SM-N8URS	F	radiant/broad/Human-WGS-CRAM-31/RADIANT_Set035_14samples_CRAM/135681-0052614402_PM24-00312-A_SM-N8URS_SDSM-ND.cram
SM-N8URT	M	radiant/broad/Human-WGS-CRAM-31/RADIANT_Set035_14samples_CRAM/135347-0052714802_PM24-00311-A_SM-N8URT_SDSM-NC.cram
SM-N8URU	M	radiant/broad/Human-WGS-CRAM-31/RADIANT_Set035_14samples_CRAM/135753-0052786102_PM24-00310-A_SM-N8URU_SDSM-NB.cram
SM-N8URV	M	radiant/broad/Human-WGS-CRAM-31/RADIANT_Set035_14samples_CRAM/135700-0052614602_PM24-00309-A_SM-N8URV_SDSM-NA.cram
SM-NL7S4	M	radiant/broad/Human-WGS-CRAM-31/RADIANT_Set035_14samples_CRAM/135635-0052902102_PM24-00313-A_SM-NL7S4_SDSM-NE.cram
SM-NL7S5	F	radiant/broad/Human-WGS-CRAM-31/RADIANT_Set035_14samples_CRAM/135577-0052786502_PM24-00315-A_SM-NL7S5_SDSM-NF.cram
SM-NL7S6	F	radiant/broad/Human-WGS-CRAM-31/RADIANT_Set035_14samples_CRAM/135264-0052831502_PM24-00316-A_SM-NL7S6_SDSM-NG.cram
SM-NL7S7	F	radiant/broad/Human-WGS-CRAM-31/RADIANT_Set035_14samples_CRAM/135508-0052786302_PM24-00317-A_SM-NL7S7_SDSM-NH.cram
SM-NL7S8	F	radiant/broad/Human-WGS-CRAM-31/RADIANT_Set035_14samples_CRAM/135169-0052902302_PM24-00318-A_SM-NL7S8_SDSM-NI.cram
SM-OFEFC	F	radiant/broad/Human-WGS-CRAM-35/RADIANT_Set040_29samples_CRAM/135727-0055877902_PM24-02016-A_SM-OFEFC_SDSM-FK8.cram
SM-OFEFD	F	radiant/broad/Human-WGS-CRAM-35/RADIANT_Set040_29samples_CRAM/135763-0056013102_PM24-02017-A_SM-OFEFD_SDSM-FK9.cram
SM-OFEFE	F	radiant/broad/Human-WGS-CRAM-35/RADIANT_Set040_29samples_CRAM/136082-0056868602_PM24-02014-A_SM-OFEFE_SDSM-FKA.cram
SM-OFEFF	F	radiant/broad/Human-WGS-CRAM-35/RADIANT_Set040_29samples_CRAM/135881-0055890902_PM24-02015-A_SM-OFEFF_SDSM-FKB.cram
SM-OFEFG	M	radiant/broad/Human-WGS-CRAM-35/RADIANT_Set040_29samples_CRAM/135942-0055743202_PM24-02012-A_SM-OFEFG_SDSM-FKG.cram
SM-OFEFH	F	radiant/broad/Human-WGS-CRAM-35/RADIANT_Set040_29samples_CRAM/136046-0056707602_PM24-02013-A_SM-OFEFH_SDSM-FKH.cram
SM-OFEFI	M	radiant/broad/Human-WGS-CRAM-35/RADIANT_Set040_29samples_CRAM/135992-0056707402_PM24-02011-A_SM-OFEFI_SDSM-FKF.cram
SM-OFEFJ	M	radiant/broad/Human-WGS-CRAM-35/RADIANT_Set040_29samples_CRAM/135551-0052874402_PM24-00314-B_SM-OFEFJ_SDSM-FKC.cram
SM-OFEFK	F	radiant/broad/Human-WGS-CRAM-35/RADIANT_Set040_29samples_CRAM/135981-0055701402_PM24-01850-B_SM-OFEFK_SDSM-FKD.cram
SM-OFEFL	F	radiant/broad/Human-WGS-CRAM-35/RADIANT_Set040_29samples_CRAM/136017-0056649002_PM24-02004-A_SM-OFEFL_SDSM-FKE.cram
SM-OFEFM	M	radiant/broad/Human-WGS-CRAM-35/RADIANT_Set040_29samples_CRAM/135539-0056648502_PM24-02003-A_SM-OFEFM_SDSM-F35.cram
SM-OFEFN	F	radiant/broad/Human-WGS-CRAM-35/RADIANT_Set040_29samples_CRAM/136063-0056580102_PM24-02001-A_SM-OFEFN_SDSM-F33.cram
SM-OFEFO	M	radiant/broad/Human-WGS-CRAM-35/RADIANT_Set040_29samples_CRAM/135208-0056648802_PM24-02002-A_SM-OFEFO_SDSM-F34.cram
SM-OFEFP	M	radiant/broad/Human-WGS-CRAM-35/RADIANT_Set040_29samples_CRAM/136021-0056511102_PM24-02000-A_SM-OFEFP_SDSM-F32.cram
SM-OFEFR	F	radiant/broad/Human-WGS-CRAM-35/RADIANT_Set040_29samples_CRAM/135912-0056510902_PM24-01999-A_SM-OFEFR_SDSM-F31.cram
SM-OFEFS	M	radiant/broad/Human-WGS-CRAM-35/RADIANT_Set040_29samples_CRAM/135266-0056339502_PM24-01996-A_SM-OFEFS_SDSM-F2X.cram
SM-OFEFT	F	radiant/broad/Human-WGS-CRAM-35/RADIANT_Set040_29samples_CRAM/135832-0056408302_PM24-01997-A_SM-OFEFT_SDSM-F2Y.cram
SM-OGQG8	M	radiant/broad/Human-WGS-CRAM-34/RADIANT_Set039_13samples_CRAM/135549-0055304902_PM24-01839-A_SM-OGQG8_SDSM-2UG.cram
SM-OGQIO	F	radiant/broad/Human-WGS-CRAM-34/RADIANT_Set039_13samples_CRAM/135877-0055555102_PM24-01848-A_SM-OGQIO_SDSM-2UP.cram
SM-OGQIP	F	radiant/broad/Human-WGS-CRAM-34/RADIANT_Set039_13samples_CRAM/135911-0055445602_PM24-01847-A_SM-OGQIP_SDSM-2UO.cram
SM-OGQIQ	M	radiant/broad/Human-WGS-CRAM-34/RADIANT_Set039_13samples_CRAM/135941-0055372702_PM24-01846-A_SM-OGQIQ_SDSM-2UN.cram
SM-OGQIR	F	radiant/broad/Human-WGS-CRAM-34/RADIANT_Set039_13samples_CRAM/135714-0054708902_PM24-01845-A_SM-OGQIR_SDSM-2UM.cram
SM-OGQIS	F	radiant/broad/Human-WGS-CRAM-34/RADIANT_Set039_13samples_CRAM/135922-0054688202_PM24-01844-A_SM-OGQIS_SDSM-2UL.cram
SM-OGQIT	M	radiant/broad/Human-WGS-CRAM-34/RADIANT_Set039_13samples_CRAM/135905-0054828802_PM24-01843-A_SM-OGQIT_SDSM-2UK.cram
SM-OGQIU	M	radiant/broad/Human-WGS-CRAM-34/RADIANT_Set039_13samples_CRAM/135811-0055086702_PM24-01842-A_SM-OGQIU_SDSM-2UJ.cram
SM-OGQIV	F	radiant/broad/Human-WGS-CRAM-34/RADIANT_Set039_13samples_CRAM/134817-0055123202_PM24-01841-A_SM-OGQIV_SDSM-2UI.cram
SM-OGQIW	F	radiant/broad/Human-WGS-CRAM-34/RADIANT_Set039_13samples_CRAM/134318-0055193902_PM24-01840-A_SM-OGQIW_SDSM-2UH.cram
